[\\ACER]
00000013	162.75370789	[29956] RecursiveDirectoryCreate( C:\Users\Nabeel Hyder\AppData\Local\Microsoft\VisualStudio\WebView2Cache\0000\EBWebView directory exists )
00000014	163.95103455	[35416] JsonRpc Warning: 5 : 
00000015	163.95120239	[35416] No target methods are registered that match "NotificationReceived". 
00000016	165.53257751	[35416] JsonRpc Warning: 5 : 
00000017	165.53279114	[35416] No target methods are registered that match "NotificationReceived". 
00000018	165.53292847	[35416] JsonRpc Warning: 5 : 
00000019	165.53308105	[35416] No target methods are registered that match "NotificationReceived". 
00000020	170.18284607	[35416] JsonRpc Warning: 5 : 
00000021	170.18289185	[35416] No target methods are registered that match "NotificationReceived". 
00000022	228.34770203	[30156] ModelService Information: 0 : 
00000023	228.34771729	[30156] Requesting model load on demand for xaml intellisense-markup. 
00000024	228.34892273	[30156] ModelService Information: 0 : 
00000025	228.34902954	[30156] Requesting model load for xaml intellisense-markup. 
00000026	228.35256958	[30156] ModelService Information: 0 : 
00000027	228.35269165	[30156] Loading model for xaml intellisense-markup from c:\program files\microsoft visual studio\2022\community\common7\ide\extensions\microsoft\intellicode\BundledModels\xaml_intellisense-markup. 
00000028	228.52444458	[30156] ModelService Information: 0 : 
00000029	228.52449036	[30156] Compacting models took 51ms. 
00000030	230.99220276	[35416] JsonRpc Warning: 5 : 
00000031	230.99234009	[35416] No target methods are registered that match "NotificationReceived". 
00000032	230.99246216	[35416] JsonRpc Warning: 5 : 
00000033	230.99256897	[35416] No target methods are registered that match "NotificationReceived". 
00000034	230.99264526	[35416] JsonRpc Warning: 5 : 
00000035	230.99276733	[35416] No target methods are registered that match "NotificationReceived". 
00000036	252.70013428	[35416] Exception : Class not registered 
00000037	252.70013428	[35416]  
00000038	252.70013428	[35416] Class not registered 
00000039	252.70013428	[35416]  
00000040	290.47387695	[35416] JsonRpc Warning: 5 : 
00000041	290.47430420	[35416] No target methods are registered that match "NotificationReceived". 
00000042	290.47448730	[35416] JsonRpc Warning: 5 : 
00000043	290.47460938	[35416] No target methods are registered that match "NotificationReceived". 
00000044	290.47653198	[35416] JsonRpc Warning: 5 : 
00000045	290.47671509	[35416] No target methods are registered that match "NotificationReceived". 
00000046	292.53082275	[35416] JsonRpc Warning: 5 : 
00000047	292.53131104	[35416] No target methods are registered that match "NotificationReceived". 
00000048	292.53192139	[35416] JsonRpc Warning: 5 : 
00000049	292.53219604	[35416] No target methods are registered that match "NotificationReceived". 
00000050	292.53262329	[35416] JsonRpc Warning: 5 : 
00000051	292.53286743	[35416] No target methods are registered that match "NotificationReceived". 
00000052	320.44949341	[25640] JsonRpc Warning: 5 : 
00000053	320.44964600	[25640] No target methods are registered that match "NotificationReceived". 
00000054	320.70584106	[30156] JsonRpc Error: 10 : 
00000055	320.72644043	[30156] Exception thrown from request "6" for method WholeLinePredictAsync: System.AggregateException: One or more errors occurred. ---> System.OperationCanceledException: The operation was canceled. 
00000056	320.72644043	[30156]    at System.Threading.CancellationToken.ThrowOperationCanceledException() 
00000057	320.72644043	[30156]    at Microsoft.VisualStudio.IntelliCode.WholeLineCompletion.ModelInference.CodeGenerator.BeamAutoregressiveGeneration(Stopwatch timer, Counters counters, Int64[][] tokenIds, Int64[][] positionIds, Single[][] attentionMasks, Tensor`1[] pastLayers, Int64[] beamSelectIdx, Single[] logProbs, Boolean[] unfinishedSents, List`1 pastLogProbs, CodeGenerationConfig config, Double length_penalty, CancellationToken cancellationToken) 
00000058	320.72644043	[30156]    at Microsoft.VisualStudio.IntelliCode.WholeLineCompletion.ModelInference.CodeGenerator.ExecuteRequest(WholeLineRequest request, CodeGenerationConfig config, Stopwatch timer, Counters counters, CancellationToken cancellationToken) 
00000059	320.72644043	[30156]    at Microsoft.VisualStudio.IntelliCode.WholeLineCompletion.ModelInference.CodeGenerator.Execute(WholeLineRequest input, CodeGenerationConfig config, CancellationToken cancellationToken) 
00000060	320.72644043	[30156]    at System.Threading.Tasks.Task`1.InnerInvoke() 
00000061	320.72644043	[30156]    at System.Threading.Tasks.Task.Execute() 
00000062	320.72644043	[30156]    --- End of inner exception stack trace --- 
00000063	320.72644043	[30156] ---> (Inner Exception #0) System.OperationCanceledException: The operation was canceled. 
00000064	320.72644043	[30156]    at System.Threading.CancellationToken.ThrowOperationCanceledException() 
00000065	320.72644043	[30156]    at Microsoft.VisualStudio.IntelliCode.WholeLineCompletion.ModelInference.CodeGenerator.BeamAutoregressiveGeneration(Stopwatch timer, Counters counters, Int64[][] tokenIds, Int64[][] positionIds, Single[][] attentionMasks, Tensor`1[] pastLayers, Int64[] beamSelectIdx, Single[] logProbs, Boolean[] unfinishedSents, List`1 pastLogProbs, CodeGenerationConfig config, Double length_penalty, CancellationToken cancellationToken) 
00000066	320.72644043	[30156]    at Microsoft.VisualStudio.IntelliCode.WholeLineCompletion.ModelInference.CodeGenerator.ExecuteRequest(WholeLineRequest request, CodeGenerationConfig config, Stopwatch timer, Counters counters, CancellationToken cancellationToken) 
00000067	320.72644043	[30156]    at Microsoft.VisualStudio.IntelliCode.WholeLineCompletion.ModelInference.CodeGenerator.Execute(WholeLineRequest input, CodeGenerationConfig config, CancellationToken cancellationToken) 
00000068	320.72644043	[30156]    at System.Threading.Tasks.Task`1.InnerInvoke() 
00000069	320.72644043	[30156]    at System.Threading.Tasks.Task.Execute()<--- 
00000070	320.72644043	[30156]  
00000071	320.72659302	[30156] JsonRpc Error: 10 : 
00000072	320.72686768	[30156] System.AggregateException: One or more errors occurred. ---> System.OperationCanceledException: The operation was canceled. 
00000073	320.72686768	[30156]    at System.Threading.CancellationToken.ThrowOperationCanceledException() 
00000074	320.72686768	[30156]    at Microsoft.VisualStudio.IntelliCode.WholeLineCompletion.ModelInference.CodeGenerator.BeamAutoregressiveGeneration(Stopwatch timer, Counters counters, Int64[][] tokenIds, Int64[][] positionIds, Single[][] attentionMasks, Tensor`1[] pastLayers, Int64[] beamSelectIdx, Single[] logProbs, Boolean[] unfinishedSents, List`1 pastLogProbs, CodeGenerationConfig config, Double length_penalty, CancellationToken cancellationToken) 
00000075	320.72686768	[30156]    at Microsoft.VisualStudio.IntelliCode.WholeLineCompletion.ModelInference.CodeGenerator.ExecuteRequest(WholeLineRequest request, CodeGenerationConfig config, Stopwatch timer, Counters counters, CancellationToken cancellationToken) 
00000076	320.72686768	[30156]    at Microsoft.VisualStudio.IntelliCode.WholeLineCompletion.ModelInference.CodeGenerator.Execute(WholeLineRequest input, CodeGenerationConfig config, CancellationToken cancellationToken) 
00000077	320.72686768	[30156]    at System.Threading.Tasks.Task`1.InnerInvoke() 
00000078	320.72686768	[30156]    at System.Threading.Tasks.Task.Execute() 
00000079	320.72686768	[30156]    --- End of inner exception stack trace --- 
00000080	320.72686768	[30156] ---> (Inner Exception #0) System.OperationCanceledException: The operation was canceled. 
00000081	320.72686768	[30156]    at System.Threading.CancellationToken.ThrowOperationCanceledException() 
00000082	320.72686768	[30156]    at Microsoft.VisualStudio.IntelliCode.WholeLineCompletion.ModelInference.CodeGenerator.BeamAutoregressiveGeneration(Stopwatch timer, Counters counters, Int64[][] tokenIds, Int64[][] positionIds, Single[][] attentionMasks, Tensor`1[] pastLayers, Int64[] beamSelectIdx, Single[] logProbs, Boolean[] unfinishedSents, List`1 pastLogProbs, CodeGenerationConfig config, Double length_penalty, CancellationToken cancellationToken) 
00000083	320.72686768	[30156]    at Microsoft.VisualStudio.IntelliCode.WholeLineCompletion.ModelInference.CodeGenerator.ExecuteRequest(WholeLineRequest request, CodeGenerationConfig config, Stopwatch timer, Counters counters, CancellationToken cancellationToken) 
00000084	320.72686768	[30156]    at Microsoft.VisualStudio.IntelliCode.WholeLineCompletion.ModelInference.CodeGenerator.Execute(WholeLineRequest input, CodeGenerationConfig config, CancellationToken cancellationToken) 
00000085	320.72686768	[30156]    at System.Threading.Tasks.Task`1.InnerInvoke() 
00000086	320.72686768	[30156]    at System.Threading.Tasks.Task.Execute()<--- 
00000087	320.72686768	[30156] , WholeLinePredictAsync, 6, Newtonsoft.Json.Linq.JToken[] 
00000088	321.58126831	[25640] JsonRpc Warning: 5 : 
00000089	321.58145142	[25640] No target methods are registered that match "NotificationReceived". 
00000090	325.76010132	[35416] JsonRpc Warning: 5 : 
00000091	325.76019287	[35416] No target methods are registered that match "NotificationReceived". 
00000092	325.76037598	[35416] JsonRpc Warning: 5 : 
00000093	325.76043701	[35416] No target methods are registered that match "NotificationReceived". 
00000094	325.76098633	[35416] JsonRpc Warning: 5 : 
00000095	325.76104736	[35416] No target methods are registered that match "NotificationReceived". 
00000096	328.26077271	[35416] JsonRpc Warning: 5 : 
00000097	328.26110840	[35416] No target methods are registered that match "NotificationReceived". 
00000098	328.49972534	[35416] JsonRpc Warning: 5 : 
00000099	328.50009155	[35416] No target methods are registered that match "NotificationReceived". 
00000100	328.50076294	[35416] JsonRpc Warning: 5 : 
00000101	328.50100708	[35416] No target methods are registered that match "NotificationReceived". 
00000102	336.61630249	[35416] ExecuteSynchronously task continuation option has been passed but it is not supported by VS Task Library hence it is ignored. 
00000103	336.63955688	[25640] JsonRpc Warning: 5 : 
00000104	336.63967896	[25640] No target methods are registered that match "NotificationReceived". 
00000105	336.65832520	[25640] JsonRpc Warning: 5 : 
00000106	336.65841675	[25640] No target methods are registered that match "NotificationReceived". 
00000107	336.67358398	[35416] JsonRpc Warning: 5 : 
00000108	336.67376709	[35416] No target methods are registered that match "NotificationReceived". 
00000109	336.89794922	[35416] JsonRpc Warning: 5 : 
00000110	336.89807129	[35416] No target methods are registered that match "NotificationReceived". 
00000111	336.89819336	[35416] JsonRpc Warning: 5 : 
00000112	336.89831543	[35416] No target methods are registered that match "NotificationReceived". 
00000113	338.79849243	[35416] JsonRpc Warning: 5 : 
00000114	338.79873657	[35416] No target methods are registered that match "NotificationReceived". 
00000115	338.90258789	[35416] JsonRpc Warning: 5 : 
00000116	338.90283203	[35416] No target methods are registered that match "NotificationReceived". 
00000117	338.90304565	[35416] JsonRpc Warning: 5 : 
00000118	338.90322876	[35416] No target methods are registered that match "NotificationReceived". 
00000119	360.10382080	[35416] JsonRpc Warning: 5 : 
00000120	360.10400391	[35416] No target methods are registered that match "NotificationReceived". 
00000121	360.10446167	[35416] JsonRpc Warning: 5 : 
00000122	360.10458374	[35416] No target methods are registered that match "NotificationReceived". 
00000123	360.10522461	[35416] JsonRpc Warning: 5 : 
00000124	360.10540771	[35416] No target methods are registered that match "NotificationReceived". 
00000125	362.69180298	[35416] JsonRpc Warning: 5 : 
00000126	362.69198608	[35416] No target methods are registered that match "NotificationReceived". 
00000127	362.69210815	[35416] JsonRpc Warning: 5 : 
00000128	362.69226074	[35416] No target methods are registered that match "NotificationReceived". 
00000129	362.69232178	[35416] JsonRpc Warning: 5 : 
00000130	362.69238281	[35416] No target methods are registered that match "NotificationReceived". 
00000131	366.46096802	[25640] JsonRpc Warning: 5 : 
00000132	366.46105957	[25640] No target methods are registered that match "NotificationReceived". 
00000133	368.07614136	[25640] JsonRpc Warning: 5 : 
00000134	368.07623291	[25640] No target methods are registered that match "NotificationReceived". 
00000135	369.25885010	[5352] [0902/035407.404:ERROR:third_party\crashpad\crashpad\util\file\filesystem_win.cc:128] GetFileAttributes C:\Users\Nabeel Hyder\AppData\Local\Google\Chrome\User Data\Crashpad\attachments\3ccd99b0-c7c4-413a-b818-beb255f16aba: The system cannot find the file specified. (0x2)
00000136	369.25933838	[5352] [0902/035407.405:ERROR:third_party\crashpad\crashpad\util\file\filesystem_win.cc:128] GetFileAttributes C:\Users\Nabeel Hyder\AppData\Local\Google\Chrome\User Data\Crashpad\attachments\0359c66b-c5d9-42fa-bba9-eb58a623b58a: The system cannot find the file specified. (0x2)
00000137	369.25964355	[5352] [0902/035407.405:ERROR:third_party\crashpad\crashpad\util\file\filesystem_win.cc:128] GetFileAttributes C:\Users\Nabeel Hyder\AppData\Local\Google\Chrome\User Data\Crashpad\attachments\4ede1c49-c9e5-41f2-90d4-29a9323b0544: The system cannot find the file specified. (0x2)
00000138	369.25991821	[5352] [0902/035407.405:ERROR:third_party\crashpad\crashpad\util\file\filesystem_win.cc:128] GetFileAttributes C:\Users\Nabeel Hyder\AppData\Local\Google\Chrome\User Data\Crashpad\attachments\b3a21853-6170-4072-b16f-480d75df6dae: The system cannot find the file specified. (0x2)
00000139	369.26016235	[5352] [0902/035407.405:ERROR:third_party\crashpad\crashpad\util\file\filesystem_win.cc:128] GetFileAttributes C:\Users\Nabeel Hyder\AppData\Local\Google\Chrome\User Data\Crashpad\attachments\b686ff2a-b6d2-476d-9c1b-6bd1ebc79f0b: The system cannot find the file specified. (0x2)
00000140	369.26040649	[5352] [0902/035407.405:ERROR:third_party\crashpad\crashpad\util\file\filesystem_win.cc:128] GetFileAttributes C:\Users\Nabeel Hyder\AppData\Local\Google\Chrome\User Data\Crashpad\attachments\6545279d-efbf-4f74-aa1e-d02dcec9e3e4: The system cannot find the file specified. (0x2)
00000141	369.26065063	[5352] [0902/035407.405:ERROR:third_party\crashpad\crashpad\util\file\filesystem_win.cc:128] GetFileAttributes C:\Users\Nabeel Hyder\AppData\Local\Google\Chrome\User Data\Crashpad\attachments\17e2d7e8-17c0-4f28-83b7-78613e385583: The system cannot find the file specified. (0x2)
00000142	369.26086426	[5352] [0902/035407.405:ERROR:third_party\crashpad\crashpad\util\file\filesystem_win.cc:128] GetFileAttributes C:\Users\Nabeel Hyder\AppData\Local\Google\Chrome\User Data\Crashpad\attachments\df3fc448-7bc4-4b25-a556-90290e476879: The system cannot find the file specified. (0x2)
00000143	369.26107788	[5352] [0902/035407.405:ERROR:third_party\crashpad\crashpad\util\file\filesystem_win.cc:128] GetFileAttributes C:\Users\Nabeel Hyder\AppData\Local\Google\Chrome\User Data\Crashpad\attachments\6dae28f9-3a84-4157-af45-85296b70a711: The system cannot find the file specified. (0x2)
00000144	369.26141357	[5352] [0902/035407.405:ERROR:third_party\crashpad\crashpad\util\file\filesystem_win.cc:128] GetFileAttributes C:\Users\Nabeel Hyder\AppData\Local\Google\Chrome\User Data\Crashpad\attachments\f83f15d8-f1d5-4b04-86ba-cbf6ace28547: The system cannot find the file specified. (0x2)
00000145	369.26156616	[5352] [0902/035407.405:ERROR:third_party\crashpad\crashpad\util\file\filesystem_win.cc:128] GetFileAttributes C:\Users\Nabeel Hyder\AppData\Local\Google\Chrome\User Data\Crashpad\attachments\ba350f48-28dd-4efb-bd75-2f4c99ed97e8: The system cannot find the file specified. (0x2)
00000146	369.26181030	[5352] [0902/035407.405:ERROR:third_party\crashpad\crashpad\util\file\filesystem_win.cc:128] GetFileAttributes C:\Users\Nabeel Hyder\AppData\Local\Google\Chrome\User Data\Crashpad\attachments\f2f52206-f7f8-4a5f-84ad-af2bfab5bf40: The system cannot find the file specified. (0x2)
00000147	369.26202393	[5352] [0902/035407.405:ERROR:third_party\crashpad\crashpad\util\file\filesystem_win.cc:128] GetFileAttributes C:\Users\Nabeel Hyder\AppData\Local\Google\Chrome\User Data\Crashpad\attachments\4443cf38-3ccd-49f1-bccb-c4197d3c9587: The system cannot find the file specified. (0x2)
00000148	369.26226807	[5352] [0902/035407.405:ERROR:third_party\crashpad\crashpad\util\file\filesystem_win.cc:128] GetFileAttributes C:\Users\Nabeel Hyder\AppData\Local\Google\Chrome\User Data\Crashpad\attachments\9ae5113d-2771-4f4e-b219-ce89aa676b43: The system cannot find the file specified. (0x2)
00000149	369.26272583	[5352] [0902/035407.405:ERROR:third_party\crashpad\crashpad\util\file\filesystem_win.cc:128] GetFileAttributes C:\Users\Nabeel Hyder\AppData\Local\Google\Chrome\User Data\Crashpad\attachments\6ea8f6a4-223a-49c2-9c65-ea88d651b682: The system cannot find the file specified. (0x2)
00000150	369.26300049	[5352] [0902/035407.405:ERROR:third_party\crashpad\crashpad\util\file\filesystem_win.cc:128] GetFileAttributes C:\Users\Nabeel Hyder\AppData\Local\Google\Chrome\User Data\Crashpad\attachments\192d95a0-3239-4d74-9deb-1d5abe3e2b0b: The system cannot find the file specified. (0x2)
00000151	369.26321411	[5352] [0902/035407.405:ERROR:third_party\crashpad\crashpad\util\file\filesystem_win.cc:128] GetFileAttributes C:\Users\Nabeel Hyder\AppData\Local\Google\Chrome\User Data\Crashpad\attachments\cc8da2ef-df61-40ef-beeb-d6671697400e: The system cannot find the file specified. (0x2)
00000152	369.26339722	[5352] [0902/035407.405:ERROR:third_party\crashpad\crashpad\util\file\filesystem_win.cc:128] GetFileAttributes C:\Users\Nabeel Hyder\AppData\Local\Google\Chrome\User Data\Crashpad\attachments\c18a55a2-676d-4e5a-9851-00c8e84d51f6: The system cannot find the file specified. (0x2)
00000153	369.26361084	[5352] [0902/035407.405:ERROR:third_party\crashpad\crashpad\util\file\filesystem_win.cc:128] GetFileAttributes C:\Users\Nabeel Hyder\AppData\Local\Google\Chrome\User Data\Crashpad\attachments\166888ed-e277-4b6c-b0d6-3f73061348e2: The system cannot find the file specified. (0x2)
00000154	369.26385498	[5352] [0902/035407.405:ERROR:third_party\crashpad\crashpad\util\file\filesystem_win.cc:128] GetFileAttributes C:\Users\Nabeel Hyder\AppData\Local\Google\Chrome\User Data\Crashpad\attachments\9c225e80-5047-4141-adf9-9c0c1eabf2e2: The system cannot find the file specified. (0x2)
00000155	369.26403809	[5352] [0902/035407.405:ERROR:third_party\crashpad\crashpad\util\file\filesystem_win.cc:128] GetFileAttributes C:\Users\Nabeel Hyder\AppData\Local\Google\Chrome\User Data\Crashpad\attachments\83826cfb-7a9a-4b77-a5a5-7835eaf63789: The system cannot find the file specified. (0x2)
00000156	369.26480103	[5352] [0902/035407.405:ERROR:third_party\crashpad\crashpad\util\file\filesystem_win.cc:128] GetFileAttributes C:\Users\Nabeel Hyder\AppData\Local\Google\Chrome\User Data\Crashpad\attachments\50d4614a-f58b-488e-9b68-936c74ac4132: The system cannot find the file specified. (0x2)
00000157	369.26516724	[5352] [0902/035407.405:ERROR:third_party\crashpad\crashpad\util\file\filesystem_win.cc:128] GetFileAttributes C:\Users\Nabeel Hyder\AppData\Local\Google\Chrome\User Data\Crashpad\attachments\e74e799e-2919-4b23-897c-4610fda6857b: The system cannot find the file specified. (0x2)
00000158	369.26550293	[5352] [0902/035407.405:ERROR:third_party\crashpad\crashpad\util\file\filesystem_win.cc:128] GetFileAttributes C:\Users\Nabeel Hyder\AppData\Local\Google\Chrome\User Data\Crashpad\attachments\a3d408f8-4de9-4d67-ac39-725110f5083d: The system cannot find the file specified. (0x2)
00000159	369.26583862	[5352] [0902/035407.405:ERROR:third_party\crashpad\crashpad\util\file\filesystem_win.cc:128] GetFileAttributes C:\Users\Nabeel Hyder\AppData\Local\Google\Chrome\User Data\Crashpad\attachments\96ce90f7-448f-4f01-989a-0f2682ecbaa5: The system cannot find the file specified. (0x2)
00000160	369.26614380	[5352] [0902/035407.405:ERROR:third_party\crashpad\crashpad\util\file\filesystem_win.cc:128] GetFileAttributes C:\Users\Nabeel Hyder\AppData\Local\Google\Chrome\User Data\Crashpad\attachments\d7330213-7728-4013-bdad-0b422ffdace8: The system cannot find the file specified. (0x2)
00000161	369.26651001	[5352] [0902/035407.405:ERROR:third_party\crashpad\crashpad\util\file\filesystem_win.cc:128] GetFileAttributes C:\Users\Nabeel Hyder\AppData\Local\Google\Chrome\User Data\Crashpad\attachments\d0e09ec7-f808-422c-adb1-626d28cbe041: The system cannot find the file specified. (0x2)
00000162	369.26681519	[5352] [0902/035407.405:ERROR:third_party\crashpad\crashpad\util\file\filesystem_win.cc:128] GetFileAttributes C:\Users\Nabeel Hyder\AppData\Local\Google\Chrome\User Data\Crashpad\attachments\41e8aa24-8237-4ff7-887b-1f792d137833: The system cannot find the file specified. (0x2)
00000163	369.26705933	[5352] [0902/035407.405:ERROR:third_party\crashpad\crashpad\util\file\filesystem_win.cc:128] GetFileAttributes C:\Users\Nabeel Hyder\AppData\Local\Google\Chrome\User Data\Crashpad\attachments\2fe245fb-15f0-4bf2-a3d4-0a30503a5a91: The system cannot find the file specified. (0x2)
00000164	369.26727295	[5352] [0902/035407.405:ERROR:third_party\crashpad\crashpad\util\file\filesystem_win.cc:128] GetFileAttributes C:\Users\Nabeel Hyder\AppData\Local\Google\Chrome\User Data\Crashpad\attachments\d30e0c4e-9d54-4884-aef3-de7316db4980: The system cannot find the file specified. (0x2)
00000165	369.26751709	[5352] [0902/035407.405:ERROR:third_party\crashpad\crashpad\util\file\filesystem_win.cc:128] GetFileAttributes C:\Users\Nabeel Hyder\AppData\Local\Google\Chrome\User Data\Crashpad\attachments\878faa28-a516-49f4-9345-ce3748e2aa33: The system cannot find the file specified. (0x2)
00000166	369.26770020	[5352] [0902/035407.405:ERROR:third_party\crashpad\crashpad\util\file\filesystem_win.cc:128] GetFileAttributes C:\Users\Nabeel Hyder\AppData\Local\Google\Chrome\User Data\Crashpad\attachments\4a565322-64c4-45f5-a541-1bca66cc06a9: The system cannot find the file specified. (0x2)
00000167	369.26794434	[5352] [0902/035407.405:ERROR:third_party\crashpad\crashpad\util\file\filesystem_win.cc:128] GetFileAttributes C:\Users\Nabeel Hyder\AppData\Local\Google\Chrome\User Data\Crashpad\attachments\8f80ae41-f29e-4482-afc8-d969e3251ae0: The system cannot find the file specified. (0x2)
00000168	369.26818848	[5352] [0902/035407.405:ERROR:third_party\crashpad\crashpad\util\file\filesystem_win.cc:128] GetFileAttributes C:\Users\Nabeel Hyder\AppData\Local\Google\Chrome\User Data\Crashpad\attachments\ec52ba14-278d-4c97-a642-c0f16b13e0b1: The system cannot find the file specified. (0x2)
00000169	369.26861572	[5352] [0902/035407.405:ERROR:third_party\crashpad\crashpad\util\file\filesystem_win.cc:128] GetFileAttributes C:\Users\Nabeel Hyder\AppData\Local\Google\Chrome\User Data\Crashpad\attachments\f668953a-f1b5-484d-b284-d1e1d2918a5c: The system cannot find the file specified. (0x2)
00000170	369.26907349	[5352] [0902/035407.405:ERROR:third_party\crashpad\crashpad\util\file\filesystem_win.cc:128] GetFileAttributes C:\Users\Nabeel Hyder\AppData\Local\Google\Chrome\User Data\Crashpad\attachments\9a83993e-6d5b-426f-9e9c-21a4b3e93b14: The system cannot find the file specified. (0x2)
00000171	369.26931763	[5352] [0902/035407.405:ERROR:third_party\crashpad\crashpad\util\file\filesystem_win.cc:128] GetFileAttributes C:\Users\Nabeel Hyder\AppData\Local\Google\Chrome\User Data\Crashpad\attachments\d807bece-f457-4f5e-ba39-a74cc943d24c: The system cannot find the file specified. (0x2)
00000172	369.26962280	[5352] [0902/035407.405:ERROR:third_party\crashpad\crashpad\util\file\filesystem_win.cc:128] GetFileAttributes C:\Users\Nabeel Hyder\AppData\Local\Google\Chrome\User Data\Crashpad\attachments\e5c1b33c-5722-4ef8-aa8f-6ceed48cdbd8: The system cannot find the file specified. (0x2)
00000173	369.26980591	[5352] [0902/035407.405:ERROR:third_party\crashpad\crashpad\util\file\filesystem_win.cc:128] GetFileAttributes C:\Users\Nabeel Hyder\AppData\Local\Google\Chrome\User Data\Crashpad\attachments\025a4e0d-a85f-4ee1-8445-f37eb1913183: The system cannot find the file specified. (0x2)
00000174	369.27008057	[5352] [0902/035407.405:ERROR:third_party\crashpad\crashpad\util\file\filesystem_win.cc:128] GetFileAttributes C:\Users\Nabeel Hyder\AppData\Local\Google\Chrome\User Data\Crashpad\attachments\93c9970b-beef-43f8-b8e8-3c66a5396f8d: The system cannot find the file specified. (0x2)
00000175	369.27029419	[5352] [0902/035407.405:ERROR:third_party\crashpad\crashpad\util\file\filesystem_win.cc:128] GetFileAttributes C:\Users\Nabeel Hyder\AppData\Local\Google\Chrome\User Data\Crashpad\attachments\963149ec-8e73-4360-9677-ed302b3f71b4: The system cannot find the file specified. (0x2)
00000176	369.27050781	[5352] [0902/035407.405:ERROR:third_party\crashpad\crashpad\util\file\filesystem_win.cc:128] GetFileAttributes C:\Users\Nabeel Hyder\AppData\Local\Google\Chrome\User Data\Crashpad\attachments\9b76d7ab-9384-40ec-ba1b-c9eb7cc4e2cf: The system cannot find the file specified. (0x2)
00000177	369.27072144	[5352] [0902/035407.405:ERROR:third_party\crashpad\crashpad\util\file\filesystem_win.cc:128] GetFileAttributes C:\Users\Nabeel Hyder\AppData\Local\Google\Chrome\User Data\Crashpad\attachments\5d8f14d4-b507-4615-98c6-3f34139e6ed8: The system cannot find the file specified. (0x2)
00000178	369.27142334	[5352] [0902/035407.417:ERROR:third_party\crashpad\crashpad\util\file\filesystem_win.cc:128] GetFileAttributes C:\Users\Nabeel Hyder\AppData\Local\Google\Chrome\User Data\Crashpad\attachments\05527b2f-39aa-4b42-97f4-1f9ad26909a3: The system cannot find the file specified. (0x2)
00000179	369.27191162	[5352] [0902/035407.418:ERROR:third_party\crashpad\crashpad\util\file\filesystem_win.cc:128] GetFileAttributes C:\Users\Nabeel Hyder\AppData\Local\Google\Chrome\User Data\Crashpad\attachments\ce5849c0-ca00-4b3e-ad59-88b039787806: The system cannot find the file specified. (0x2)
00000180	369.27221680	[5352] [0902/035407.419:ERROR:third_party\crashpad\crashpad\util\file\filesystem_win.cc:128] GetFileAttributes C:\Users\Nabeel Hyder\AppData\Local\Google\Chrome\User Data\Crashpad\attachments\44b893e8-7401-4e81-8c66-29bc0807d5f2: The system cannot find the file specified. (0x2)
00000181	369.27343750	[5352] [0902/035407.419:ERROR:third_party\crashpad\crashpad\util\file\filesystem_win.cc:128] GetFileAttributes C:\Users\Nabeel Hyder\AppData\Local\Google\Chrome\User Data\Crashpad\attachments\eb239138-b512-446a-8067-5ee5d0ff4b57: The system cannot find the file specified. (0x2)
00000182	369.27398682	[5352] [0902/035407.419:ERROR:third_party\crashpad\crashpad\util\file\filesystem_win.cc:128] GetFileAttributes C:\Users\Nabeel Hyder\AppData\Local\Google\Chrome\User Data\Crashpad\attachments\9c10b373-b4d3-4ea1-be12-0c4e4e5367a1: The system cannot find the file specified. (0x2)
00000183	369.27459717	[5352] [0902/035407.419:ERROR:third_party\crashpad\crashpad\util\file\filesystem_win.cc:128] GetFileAttributes C:\Users\Nabeel Hyder\AppData\Local\Google\Chrome\User Data\Crashpad\attachments\5999d560-fd79-447e-86bd-8e1cbc603ee5: The system cannot find the file specified. (0x2)
00000184	369.27468872	[5352] [0902/035407.419:ERROR:third_party\crashpad\crashpad\util\file\filesystem_win.cc:128] GetFileAttributes C:\Users\Nabeel Hyder\AppData\Local\Google\Chrome\User Data\Crashpad\attachments\652a85f5-6183-4e43-a53a-2a2ea36cb998: The system cannot find the file specified. (0x2)
00000185	369.27499390	[5352] [0902/035407.419:ERROR:third_party\crashpad\crashpad\util\file\filesystem_win.cc:128] GetFileAttributes C:\Users\Nabeel Hyder\AppData\Local\Google\Chrome\User Data\Crashpad\attachments\edd2d3ad-b544-4770-805a-8636bef59914: The system cannot find the file specified. (0x2)
00000186	369.27523804	[5352] [0902/035407.419:ERROR:third_party\crashpad\crashpad\util\file\filesystem_win.cc:128] GetFileAttributes C:\Users\Nabeel Hyder\AppData\Local\Google\Chrome\User Data\Crashpad\attachments\f0c45224-9289-4b8b-a568-9e0e21920d9b: The system cannot find the file specified. (0x2)
00000187	369.27548218	[5352] [0902/035407.419:ERROR:third_party\crashpad\crashpad\util\file\filesystem_win.cc:128] GetFileAttributes C:\Users\Nabeel Hyder\AppData\Local\Google\Chrome\User Data\Crashpad\attachments\29d60fd4-fc12-4140-a368-b50bb1307092: The system cannot find the file specified. (0x2)
00000188	369.27575684	[5352] [0902/035407.419:ERROR:third_party\crashpad\crashpad\util\file\filesystem_win.cc:128] GetFileAttributes C:\Users\Nabeel Hyder\AppData\Local\Google\Chrome\User Data\Crashpad\attachments\6985a85d-d16f-40ba-951a-e49febde8e92: The system cannot find the file specified. (0x2)
00000189	369.27600098	[5352] [0902/035407.419:ERROR:third_party\crashpad\crashpad\util\file\filesystem_win.cc:128] GetFileAttributes C:\Users\Nabeel Hyder\AppData\Local\Google\Chrome\User Data\Crashpad\attachments\f2d5eccd-4e7b-46c7-8bac-fe198313684d: The system cannot find the file specified. (0x2)
00000190	369.27621460	[5352] [0902/035407.419:ERROR:third_party\crashpad\crashpad\util\file\filesystem_win.cc:128] GetFileAttributes C:\Users\Nabeel Hyder\AppData\Local\Google\Chrome\User Data\Crashpad\attachments\8326449f-171f-4770-a623-75037f4a14cf: The system cannot find the file specified. (0x2)
00000191	369.27642822	[5352] [0902/035407.419:ERROR:third_party\crashpad\crashpad\util\file\filesystem_win.cc:128] GetFileAttributes C:\Users\Nabeel Hyder\AppData\Local\Google\Chrome\User Data\Crashpad\attachments\bd6654db-5adf-4059-810f-791260298fb4: The system cannot find the file specified. (0x2)
00000192	369.27667236	[5352] [0902/035407.419:ERROR:third_party\crashpad\crashpad\util\file\filesystem_win.cc:128] GetFileAttributes C:\Users\Nabeel Hyder\AppData\Local\Google\Chrome\User Data\Crashpad\attachments\8ba8991b-10f6-4a17-a9b7-fc93e726663b: The system cannot find the file specified. (0x2)
00000193	369.27688599	[5352] [0902/035407.419:ERROR:third_party\crashpad\crashpad\util\file\filesystem_win.cc:128] GetFileAttributes C:\Users\Nabeel Hyder\AppData\Local\Google\Chrome\User Data\Crashpad\attachments\be28597e-4cfa-46b5-9cea-02b7275abe69: The system cannot find the file specified. (0x2)
00000194	369.27746582	[5352] [0902/035407.419:ERROR:third_party\crashpad\crashpad\util\file\filesystem_win.cc:128] GetFileAttributes C:\Users\Nabeel Hyder\AppData\Local\Google\Chrome\User Data\Crashpad\attachments\7fdd287a-22fc-4f7a-8bed-2e20385a1768: The system cannot find the file specified. (0x2)
00000195	369.27777100	[5352] [0902/035407.419:ERROR:third_party\crashpad\crashpad\util\file\filesystem_win.cc:128] GetFileAttributes C:\Users\Nabeel Hyder\AppData\Local\Google\Chrome\User Data\Crashpad\attachments\924c3592-cbd7-405b-82d5-2462b0a9f364: The system cannot find the file specified. (0x2)
00000196	369.27792358	[5352] [0902/035407.419:ERROR:third_party\crashpad\crashpad\util\file\filesystem_win.cc:128] GetFileAttributes C:\Users\Nabeel Hyder\AppData\Local\Google\Chrome\User Data\Crashpad\attachments\0acb4699-fd87-4ee8-971f-fdefb41a9da5: The system cannot find the file specified. (0x2)
00000197	369.27835083	[5352] [0902/035407.419:ERROR:third_party\crashpad\crashpad\util\file\filesystem_win.cc:128] GetFileAttributes C:\Users\Nabeel Hyder\AppData\Local\Google\Chrome\User Data\Crashpad\attachments\73d308e1-fe27-416b-b15f-27139f46366e: The system cannot find the file specified. (0x2)
00000198	369.27871704	[5352] [0902/035407.419:ERROR:third_party\crashpad\crashpad\util\file\filesystem_win.cc:128] GetFileAttributes C:\Users\Nabeel Hyder\AppData\Local\Google\Chrome\User Data\Crashpad\attachments\72f3b11b-13bc-4077-9b8c-22d8b7d5f345: The system cannot find the file specified. (0x2)
00000199	369.27911377	[5352] [0902/035407.419:ERROR:third_party\crashpad\crashpad\util\file\filesystem_win.cc:128] GetFileAttributes C:\Users\Nabeel Hyder\AppData\Local\Google\Chrome\User Data\Crashpad\attachments\c80085a8-5599-4bb7-917d-62b6c1cbdb0f: The system cannot find the file specified. (0x2)
00000200	369.27941895	[5352] [0902/035407.426:ERROR:third_party\crashpad\crashpad\util\file\filesystem_win.cc:128] GetFileAttributes C:\Users\Nabeel Hyder\AppData\Local\Google\Chrome\User Data\Crashpad\attachments\ecd9309d-b980-42cd-80f4-0a7833a877d8: The system cannot find the file specified. (0x2)
00000201	369.27969360	[5352] [0902/035407.426:ERROR:third_party\crashpad\crashpad\util\file\filesystem_win.cc:128] GetFileAttributes C:\Users\Nabeel Hyder\AppData\Local\Google\Chrome\User Data\Crashpad\attachments\71e5a214-0bdc-44ef-95d2-1e2da34df600: The system cannot find the file specified. (0x2)
00000202	369.28009033	[5352] [0902/035407.426:ERROR:third_party\crashpad\crashpad\util\file\filesystem_win.cc:128] GetFileAttributes C:\Users\Nabeel Hyder\AppData\Local\Google\Chrome\User Data\Crashpad\attachments\4d951c7f-1e75-489d-a047-fd9e700c02d1: The system cannot find the file specified. (0x2)
00000203	369.28045654	[5352] [0902/035407.426:ERROR:third_party\crashpad\crashpad\util\file\filesystem_win.cc:128] GetFileAttributes C:\Users\Nabeel Hyder\AppData\Local\Google\Chrome\User Data\Crashpad\attachments\2787069e-c400-4dfc-8a29-55125cc71c29: The system cannot find the file specified. (0x2)
00000204	369.28088379	[5352] [0902/035407.426:ERROR:third_party\crashpad\crashpad\util\file\filesystem_win.cc:128] GetFileAttributes C:\Users\Nabeel Hyder\AppData\Local\Google\Chrome\User Data\Crashpad\attachments\be4bc3b4-c1a7-4710-9ace-686369ea4893: The system cannot find the file specified. (0x2)
00000205	369.28125000	[5352] [0902/035407.426:ERROR:third_party\crashpad\crashpad\util\file\filesystem_win.cc:128] GetFileAttributes C:\Users\Nabeel Hyder\AppData\Local\Google\Chrome\User Data\Crashpad\attachments\210cd708-837a-48b3-acdc-d0c890dbc2dd: The system cannot find the file specified. (0x2)
00000206	369.28170776	[5352] [0902/035407.426:ERROR:third_party\crashpad\crashpad\util\file\filesystem_win.cc:128] GetFileAttributes C:\Users\Nabeel Hyder\AppData\Local\Google\Chrome\User Data\Crashpad\attachments\c7b4cfa1-83e0-4a6c-814e-881680c7b319: The system cannot find the file specified. (0x2)
00000207	369.28198242	[5352] [0902/035407.426:ERROR:third_party\crashpad\crashpad\util\file\filesystem_win.cc:128] GetFileAttributes C:\Users\Nabeel Hyder\AppData\Local\Google\Chrome\User Data\Crashpad\attachments\5958dcc9-c7ae-4157-b910-9cfebc868a5b: The system cannot find the file specified. (0x2)
00000208	369.28222656	[5352] [0902/035407.426:ERROR:third_party\crashpad\crashpad\util\file\filesystem_win.cc:128] GetFileAttributes C:\Users\Nabeel Hyder\AppData\Local\Google\Chrome\User Data\Crashpad\attachments\f20b2b33-1061-4ae1-a19a-8e28c3263703: The system cannot find the file specified. (0x2)
00000209	369.28256226	[5352] [0902/035407.426:ERROR:third_party\crashpad\crashpad\util\file\filesystem_win.cc:128] GetFileAttributes C:\Users\Nabeel Hyder\AppData\Local\Google\Chrome\User Data\Crashpad\attachments\8756d148-52f3-4770-925a-5f198b3a2d08: The system cannot find the file specified. (0x2)
00000210	369.28283691	[5352] [0902/035407.426:ERROR:third_party\crashpad\crashpad\util\file\filesystem_win.cc:128] GetFileAttributes C:\Users\Nabeel Hyder\AppData\Local\Google\Chrome\User Data\Crashpad\attachments\fb9fd61b-0b0c-43fe-9b5e-8e507d9e4cd7: The system cannot find the file specified. (0x2)
00000211	369.28317261	[5352] [0902/035407.426:ERROR:third_party\crashpad\crashpad\util\file\filesystem_win.cc:128] GetFileAttributes C:\Users\Nabeel Hyder\AppData\Local\Google\Chrome\User Data\Crashpad\attachments\4d2aa1ff-0c26-4d62-8848-aca6cf249137: The system cannot find the file specified. (0x2)
00000212	369.28341675	[5352] [0902/035407.426:ERROR:third_party\crashpad\crashpad\util\file\filesystem_win.cc:128] GetFileAttributes C:\Users\Nabeel Hyder\AppData\Local\Google\Chrome\User Data\Crashpad\attachments\429cc8b9-2009-49b4-873c-883f89bad343: The system cannot find the file specified. (0x2)
00000213	369.28366089	[5352] [0902/035407.426:ERROR:third_party\crashpad\crashpad\util\file\filesystem_win.cc:128] GetFileAttributes C:\Users\Nabeel Hyder\AppData\Local\Google\Chrome\User Data\Crashpad\attachments\d2123687-0cb3-4e86-86f1-f9fbf0498d54: The system cannot find the file specified. (0x2)
00000214	369.28390503	[5352] [0902/035407.426:ERROR:third_party\crashpad\crashpad\util\file\filesystem_win.cc:128] GetFileAttributes C:\Users\Nabeel Hyder\AppData\Local\Google\Chrome\User Data\Crashpad\attachments\27e7d059-462b-43b9-8ef2-fb165823ea63: The system cannot find the file specified. (0x2)
00000215	372.20343018	[35416] JsonRpc Warning: 5 : 
00000216	372.20346069	[35416] No target methods are registered that match "NotificationReceived". 
00000217	372.20373535	[35416] JsonRpc Warning: 5 : 
00000218	372.20373535	[35416] No target methods are registered that match "NotificationReceived". 
00000219	372.20468140	[35416] JsonRpc Warning: 5 : 
00000220	372.20471191	[35416] No target methods are registered that match "NotificationReceived". 
00000221	374.26803589	[35416] JsonRpc Warning: 5 : 
00000222	374.26824951	[35416] No target methods are registered that match "NotificationReceived". 
00000223	374.26904297	[35416] JsonRpc Warning: 5 : 
00000224	374.27175903	[35416] No target methods are registered that match "NotificationReceived". 
00000225	374.27203369	[35416] JsonRpc Warning: 5 : 
00000226	374.27230835	[35416] No target methods are registered that match "NotificationReceived". 
00000227	380.76858521	[35416] JsonRpc Warning: 5 : 
00000228	380.76885986	[35416] No target methods are registered that match "NotificationReceived". 
00000229	380.97512817	[35416] JsonRpc Warning: 5 : 
00000230	380.97537231	[35416] No target methods are registered that match "NotificationReceived". 
00000231	380.97561646	[35416] JsonRpc Warning: 5 : 
00000232	380.97570801	[35416] No target methods are registered that match "NotificationReceived". 
00000233	383.34927368	[25640] JsonRpc Warning: 5 : 
00000234	383.34939575	[25640] No target methods are registered that match "NotificationReceived". 
00000235	455.76211548	[25640] JsonRpc Warning: 5 : 
00000236	455.76232910	[25640] No target methods are registered that match "NotificationReceived". 
00000237	457.48608398	[25640] JsonRpc Warning: 5 : 
00000238	457.48614502	[25640] No target methods are registered that match "NotificationReceived". 
00000239	457.49569702	[25640] JsonRpc Warning: 5 : 
00000240	457.49569702	[25640] No target methods are registered that match "NotificationReceived". 
00000241	461.60598755	[35416] JsonRpc Warning: 5 : 
00000242	461.60620117	[35416] No target methods are registered that match "NotificationReceived". 
00000243	461.60656738	[35416] JsonRpc Warning: 5 : 
00000244	461.60665894	[35416] No target methods are registered that match "NotificationReceived". 
00000245	461.60690308	[35416] JsonRpc Warning: 5 : 
00000246	461.60702515	[35416] No target methods are registered that match "NotificationReceived". 
00000247	461.88092041	[5480] [0902/035540.024:ERROR:third_party\crashpad\crashpad\util\file\filesystem_win.cc:128] GetFileAttributes C:\Users\Nabeel Hyder\AppData\Roaming\Slack\Crashpad\attachments\e8e13665-f870-4681-91f6-02d7f6213223: The system cannot find the file specified. (0x2)
00000248	461.88232422	[5480] [0902/035540.024:ERROR:third_party\crashpad\crashpad\util\file\filesystem_win.cc:128] GetFileAttributes C:\Users\Nabeel Hyder\AppData\Roaming\Slack\Crashpad\attachments\b54e1194-56b3-4958-a5b2-7aa5ae426859: The system cannot find the file specified. (0x2)
00000249	465.05303955	[35416] JsonRpc Warning: 5 : 
00000250	465.05322266	[35416] No target methods are registered that match "NotificationReceived". 
00000251	465.26403809	[35416] JsonRpc Warning: 5 : 
00000252	465.26412964	[35416] No target methods are registered that match "NotificationReceived". 
00000253	465.26452637	[35416] JsonRpc Warning: 5 : 
00000254	465.26480103	[35416] No target methods are registered that match "NotificationReceived". 
00000255	474.19818115	[19392] [0902/035552.343:ERROR:third_party\crashpad\crashpad\util\file\filesystem_win.cc:128] GetFileAttributes C:\Users\Nabeel Hyder\AppData\Local\Packages\OpenAI.ChatGPT-Desktop_2p2nqsd0c76g0\LocalCache\Roaming\ChatGPT\Crashpad\attachments\7982f324-067c-492a-955d-6619cabb6564: The system cannot find the file specified. (0x2)
00000256	474.19918823	[19392] [0902/035552.345:ERROR:third_party\crashpad\crashpad\util\file\filesystem_win.cc:128] GetFileAttributes C:\Users\Nabeel Hyder\AppData\Local\Packages\OpenAI.ChatGPT-Desktop_2p2nqsd0c76g0\LocalCache\Roaming\ChatGPT\Crashpad\attachments\ce21149c-d346-4dcc-a108-d8eacba4e22c: The system cannot find the file specified. (0x2)
00000257	480.42547607	[35416] JsonRpc Warning: 5 : 
00000258	480.42556763	[35416] No target methods are registered that match "NotificationReceived". 
00000259	480.64367676	[35416] JsonRpc Warning: 5 : 
00000260	480.64373779	[35416] No target methods are registered that match "NotificationReceived". 
00000261	480.64389038	[35416] JsonRpc Warning: 5 : 
00000262	480.64404297	[35416] No target methods are registered that match "NotificationReceived". 
00000263	482.32360840	[9012] RecursiveDirectoryCreate( C:\Users\Nabeel Hyder\AppData\Local\Microsoft\VisualStudio\WebView2Cache\0000\EBWebView directory exists )
00000264	483.42721558	[35416] JsonRpc Warning: 5 : 
00000265	483.42736816	[35416] No target methods are registered that match "NotificationReceived". 
00000266	484.96865845	[35416] JsonRpc Warning: 5 : 
00000267	484.96875000	[35416] No target methods are registered that match "NotificationReceived". 
00000268	484.96902466	[35416] JsonRpc Warning: 5 : 
00000269	484.96905518	[35416] No target methods are registered that match "NotificationReceived". 
00000270	490.38201904	[35416] JsonRpc Warning: 5 : 
00000271	490.38217163	[35416] No target methods are registered that match "NotificationReceived". 
00000272	509.09866333	[35416] ExecuteSynchronously task continuation option has been passed but it is not supported by VS Task Library hence it is ignored. 
00000273	511.29348755	[35416] JsonRpc Warning: 5 : 
00000274	511.29391479	[35416] No target methods are registered that match "NotificationReceived". 
00000275	511.29421997	[35416] JsonRpc Warning: 5 : 
00000276	511.29425049	[35416] No target methods are registered that match "NotificationReceived". 
00000277	511.29455566	[35416] JsonRpc Warning: 5 : 
00000278	511.29467773	[35416] No target methods are registered that match "NotificationReceived". 
00000279	513.29504395	[35416] ExecuteSynchronously task continuation option has been passed but it is not supported by VS Task Library hence it is ignored. 
00000280	513.37213135	[25640] JsonRpc Warning: 5 : 
00000281	513.37225342	[25640] No target methods are registered that match "NotificationReceived". 
00000282	513.44360352	[25640] JsonRpc Warning: 5 : 
00000283	513.44366455	[25640] No target methods are registered that match "NotificationReceived". 
00000284	515.44116211	[35416] JsonRpc Warning: 5 : 
00000285	515.44116211	[35416] No target methods are registered that match "NotificationReceived". 
00000286	515.44146729	[35416] JsonRpc Warning: 5 : 
00000287	515.44152832	[35416] No target methods are registered that match "NotificationReceived". 
00000288	515.44158936	[35416] JsonRpc Warning: 5 : 
00000289	515.44165039	[35416] No target methods are registered that match "NotificationReceived". 
00000290	582.13159180	[25640] JsonRpc Warning: 5 : 
00000291	582.13165283	[25640] No target methods are registered that match "NotificationReceived". 
00000292	588.72918701	[35416] JsonRpc Warning: 5 : 
00000293	588.72930908	[35416] No target methods are registered that match "NotificationReceived". 
00000294	588.72955322	[35416] JsonRpc Warning: 5 : 
00000295	588.72967529	[35416] No target methods are registered that match "NotificationReceived". 
00000296	588.72985840	[35416] JsonRpc Warning: 5 : 
00000297	588.72991943	[35416] No target methods are registered that match "NotificationReceived". 
00000298	590.74945068	[35416] JsonRpc Warning: 5 : 
00000299	590.74957275	[35416] No target methods are registered that match "NotificationReceived". 
00000300	590.74969482	[35416] JsonRpc Warning: 5 : 
00000301	590.74987793	[35416] No target methods are registered that match "NotificationReceived". 
00000302	590.74987793	[35416] JsonRpc Warning: 5 : 
00000303	590.74993896	[35416] No target methods are registered that match "NotificationReceived". 
00000304	595.95593262	[25640] JsonRpc Warning: 5 : 
00000305	595.95599365	[25640] No target methods are registered that match "NotificationReceived". 
00000306	596.99127197	[25640] JsonRpc Warning: 5 : 
00000307	596.99139404	[25640] No target methods are registered that match "NotificationReceived". 
00000308	597.00555420	[25640] JsonRpc Warning: 5 : 
00000309	597.00561523	[25640] No target methods are registered that match "NotificationReceived". 
00000310	599.06195068	[35416] JsonRpc Warning: 5 : 
00000311	599.06201172	[35416] No target methods are registered that match "NotificationReceived". 
00000312	599.06219482	[35416] JsonRpc Warning: 5 : 
00000313	599.06219482	[35416] No target methods are registered that match "NotificationReceived". 
00000314	599.06292725	[35416] JsonRpc Warning: 5 : 
00000315	599.06329346	[35416] No target methods are registered that match "NotificationReceived". 
00000316	623.25610352	[35416] JsonRpc Warning: 5 : 
00000317	623.25622559	[35416] No target methods are registered that match "NotificationReceived". 
00000318	623.46386719	[35416] JsonRpc Warning: 5 : 
00000319	623.46429443	[35416] No target methods are registered that match "NotificationReceived". 
00000320	623.46447754	[35416] JsonRpc Warning: 5 : 
00000321	623.46447754	[35416] No target methods are registered that match "NotificationReceived". 
00000322	637.78521729	[35416] JsonRpc Warning: 5 : 
00000323	637.78546143	[35416] No target methods are registered that match "NotificationReceived". 
00000324	638.00665283	[35416] JsonRpc Warning: 5 : 
00000325	638.00671387	[35416] No target methods are registered that match "NotificationReceived". 
00000326	638.00695801	[35416] JsonRpc Warning: 5 : 
00000327	638.00701904	[35416] No target methods are registered that match "NotificationReceived". 
00000328	639.26141357	[34600] RecursiveDirectoryCreate( C:\Users\Nabeel Hyder\AppData\Local\Microsoft\VisualStudio\WebView2Cache\0000\EBWebView directory exists )
00000329	640.40740967	[35416] JsonRpc Warning: 5 : 
00000330	640.40747070	[35416] No target methods are registered that match "NotificationReceived". 
00000331	641.98071289	[35416] JsonRpc Warning: 5 : 
00000332	641.98077393	[35416] No target methods are registered that match "NotificationReceived". 
00000333	641.98101807	[35416] JsonRpc Warning: 5 : 
00000334	641.98101807	[35416] No target methods are registered that match "NotificationReceived". 
00000335	647.39324951	[35416] JsonRpc Warning: 5 : 
00000336	647.39361572	[35416] No target methods are registered that match "NotificationReceived". 
00000337	698.57489014	[25640] JsonRpc Warning: 5 : 
00000338	698.57495117	[25640] No target methods are registered that match "NotificationReceived". 
00000339	698.58300781	[25640] JsonRpc Warning: 5 : 
00000340	698.58300781	[25640] No target methods are registered that match "NotificationReceived". 
00000341	700.61230469	[35416] JsonRpc Warning: 5 : 
00000342	700.61236572	[35416] No target methods are registered that match "NotificationReceived". 
00000343	700.61260986	[35416] JsonRpc Warning: 5 : 
00000344	700.61267090	[35416] No target methods are registered that match "NotificationReceived". 
00000345	700.61279297	[35416] JsonRpc Warning: 5 : 
00000346	700.61285400	[35416] No target methods are registered that match "NotificationReceived". 
00000347	737.95916748	[35416] JsonRpc Warning: 5 : 
00000348	737.95935059	[35416] No target methods are registered that match "NotificationReceived". 
00000349	738.16491699	[35416] JsonRpc Warning: 5 : 
00000350	738.16522217	[35416] No target methods are registered that match "NotificationReceived". 
00000351	738.16522217	[35416] JsonRpc Warning: 5 : 
00000352	738.16528320	[35416] No target methods are registered that match "NotificationReceived". 
00000353	740.32171631	[35416] JsonRpc Warning: 5 : 
00000354	740.32171631	[35416] No target methods are registered that match "NotificationReceived". 
00000355	740.32177734	[35416] JsonRpc Warning: 5 : 
00000356	740.32189941	[35416] No target methods are registered that match "NotificationReceived". 
00000357	740.32202148	[35416] JsonRpc Warning: 5 : 
00000358	740.32220459	[35416] No target methods are registered that match "NotificationReceived". 
00000359	746.23962402	[35416] JsonRpc Warning: 5 : 
00000360	746.23986816	[35416] No target methods are registered that match "NotificationReceived". 
00000361	746.44799805	[35416] JsonRpc Warning: 5 : 
00000362	746.44873047	[35416] No target methods are registered that match "NotificationReceived". 
00000363	746.44897461	[35416] JsonRpc Warning: 5 : 
00000364	746.44909668	[35416] No target methods are registered that match "NotificationReceived". 
00000365	834.38208008	[25640] JsonRpc Warning: 5 : 
00000366	834.38220215	[25640] No target methods are registered that match "NotificationReceived". 
00000367	835.72406006	[25640] JsonRpc Warning: 5 : 
00000368	835.72418213	[25640] No target methods are registered that match "NotificationReceived". 
00000369	835.74316406	[25640] JsonRpc Warning: 5 : 
00000370	835.74322510	[25640] No target methods are registered that match "NotificationReceived". 
00000371	839.87225342	[35416] JsonRpc Warning: 5 : 
00000372	839.87243652	[35416] No target methods are registered that match "NotificationReceived". 
00000373	839.87268066	[35416] JsonRpc Warning: 5 : 
00000374	839.87280273	[35416] No target methods are registered that match "NotificationReceived". 
00000375	839.87298584	[35416] JsonRpc Warning: 5 : 
00000376	839.87316895	[35416] No target methods are registered that match "NotificationReceived". 
00000377	845.25646973	[35416] JsonRpc Warning: 5 : 
00000378	845.25646973	[35416] No target methods are registered that match "NotificationReceived". 
00000379	845.46160889	[35416] JsonRpc Warning: 5 : 
00000380	845.46166992	[35416] No target methods are registered that match "NotificationReceived". 
00000381	845.46179199	[35416] JsonRpc Warning: 5 : 
00000382	845.46179199	[35416] No target methods are registered that match "NotificationReceived". 
00000383	859.24731445	[35416] JsonRpc Warning: 5 : 
00000384	859.24743652	[35416] No target methods are registered that match "NotificationReceived". 
00000385	859.46221924	[35416] JsonRpc Warning: 5 : 
00000386	859.46234131	[35416] No target methods are registered that match "NotificationReceived". 
00000387	859.46252441	[35416] JsonRpc Warning: 5 : 
00000388	859.46264648	[35416] No target methods are registered that match "NotificationReceived". 
00000389	874.11566162	[35324] RecursiveDirectoryCreate( C:\Users\Nabeel Hyder\AppData\Local\Microsoft\VisualStudio\WebView2Cache\0000\EBWebView directory exists )
00000390	875.46038818	[35416] JsonRpc Warning: 5 : 
00000391	875.46038818	[35416] No target methods are registered that match "NotificationReceived". 
00000392	877.00634766	[35416] JsonRpc Warning: 5 : 
00000393	877.00634766	[35416] No target methods are registered that match "NotificationReceived". 
00000394	877.00640869	[35416] JsonRpc Warning: 5 : 
00000395	877.00653076	[35416] No target methods are registered that match "NotificationReceived". 
00000396	881.80456543	[35416] JsonRpc Warning: 5 : 
00000397	881.80480957	[35416] No target methods are registered that match "NotificationReceived". 
00000398	957.81427002	[28084] [0902/040355.957:ERROR:third_party\crashpad\crashpad\util\file\filesystem_win.cc:128] GetFileAttributes C:\Users\Nabeel Hyder\AppData\Local\Microsoft\Edge\User Data\Crashpad\attachments\f953e348-cc91-4787-9868-4bcd0ab8a8d8: The system cannot find the file specified. (0x2)
00000399	957.81500244	[28084] [0902/040355.957:ERROR:third_party\crashpad\crashpad\util\file\filesystem_win.cc:128] GetFileAttributes C:\Users\Nabeel Hyder\AppData\Local\Microsoft\Edge\User Data\Crashpad\attachments\b6cc1cfd-91fb-4cae-9ebb-ffc5e4d604ef: The system cannot find the file specified. (0x2)
00000400	957.81549072	[28084] [0902/040355.957:ERROR:third_party\crashpad\crashpad\util\file\filesystem_win.cc:128] GetFileAttributes C:\Users\Nabeel Hyder\AppData\Local\Microsoft\Edge\User Data\Crashpad\attachments\6ca1afb9-e9f8-4a13-8ea7-67b42f0652e9: The system cannot find the file specified. (0x2)
00000401	972.24670410	[25640] JsonRpc Warning: 5 : 
00000402	972.24694824	[25640] No target methods are registered that match "NotificationReceived". 
00000403	984.38952637	[728] [0902/040422.532:ERROR:third_party\crashpad\crashpad\util\file\filesystem_win.cc:128] GetFileAttributes C:\Users\Nabeel Hyder\AppData\Local\Microsoft\Edge\User Data\Crashpad\attachments\f953e348-cc91-4787-9868-4bcd0ab8a8d8: The system cannot find the file specified. (0x2)
00000404	984.38970947	[728] [0902/040422.532:ERROR:third_party\crashpad\crashpad\util\file\filesystem_win.cc:128] GetFileAttributes C:\Users\Nabeel Hyder\AppData\Local\Microsoft\Edge\User Data\Crashpad\attachments\b6cc1cfd-91fb-4cae-9ebb-ffc5e4d604ef: The system cannot find the file specified. (0x2)
00000405	984.39025879	[728] [0902/040422.532:ERROR:third_party\crashpad\crashpad\util\file\filesystem_win.cc:128] GetFileAttributes C:\Users\Nabeel Hyder\AppData\Local\Microsoft\Edge\User Data\Crashpad\attachments\6ca1afb9-e9f8-4a13-8ea7-67b42f0652e9: The system cannot find the file specified. (0x2)
00000406	1013.84655762	[35416] JsonRpc Warning: 5 : 
00000407	1013.84674072	[35416] No target methods are registered that match "NotificationReceived". 
00000408	1013.84686279	[35416] JsonRpc Warning: 5 : 
00000409	1013.84704590	[35416] No target methods are registered that match "NotificationReceived". 
00000410	1013.84777832	[35416] JsonRpc Warning: 5 : 
00000411	1013.84783936	[35416] No target methods are registered that match "NotificationReceived". 
00000412	1014.91662598	[25640] JsonRpc Warning: 5 : 
00000413	1014.91662598	[25640] No target methods are registered that match "NotificationReceived". 
00000414	1015.01971436	[25640] JsonRpc Warning: 5 : 
00000415	1015.01983643	[25640] No target methods are registered that match "NotificationReceived". 
00000416	1017.12896729	[35416] JsonRpc Warning: 5 : 
00000417	1017.12915039	[35416] No target methods are registered that match "NotificationReceived". 
00000418	1017.12915039	[35416] JsonRpc Warning: 5 : 
00000419	1017.12915039	[35416] No target methods are registered that match "NotificationReceived". 
00000420	1017.12939453	[35416] JsonRpc Warning: 5 : 
00000421	1017.12939453	[35416] No target methods are registered that match "NotificationReceived". 
00000422	1103.61669922	[35416] JsonRpc Information: 3 : 
00000423	1103.61682129	[35416] Listening started. 
00000424	1103.68383789	[35416] JsonRpc Information: 8 : 
00000425	1103.68383789	[35416] {"id":2,"method":"RegisterTraceLogAsync"} 
00000426	1103.71191406	[35416] JsonRpc Information: 7 : 
00000427	1103.71203613	[35416] {"id":2} 
00000428	1103.72485352	[35416] JsonRpc Information: 11 : 
00000429	1103.72485352	[35416] Received result for request "2". 
00000430	1103.72741699	[35416] JsonRpc Information: 13 : 
00000431	1103.72753906	[35416] Connection closing (LocallyDisposed: Stream has been disposed).  
00000432	1103.76135254	[35416] JsonRpc Information: 0 : 
00000433	1103.76135254	[35416] Added local RPC method "CreateToolWindowAsync" -> Microsoft.VisualStudio.Extensibility.ToolWindows.Implementation.ToolWindowProvider.CreateToolWindowAsync(String, CancellationToken) (QodoGenVS.GeneratedToolWindowProvider) 
00000434	1103.76147461	[35416] JsonRpc Information: 0 : 
00000435	1103.76147461	[35416] Added local RPC method "GetTitleAsync" -> Microsoft.VisualStudio.Extensibility.ToolWindows.Implementation.ToolWindowProvider.GetTitleAsync(String, CancellationToken) (QodoGenVS.GeneratedToolWindowProvider) 
00000436	1103.76159668	[35416] JsonRpc Information: 0 : 
00000437	1103.76159668	[35416] Added local RPC method "OnShowAsync" -> Microsoft.VisualStudio.Extensibility.ToolWindows.Implementation.ToolWindowProvider.OnShowAsync(String, CancellationToken) (QodoGenVS.GeneratedToolWindowProvider) 
00000438	1103.76159668	[35416] JsonRpc Information: 0 : 
00000439	1103.76171875	[35416] Added local RPC method "OnHideAsync" -> Microsoft.VisualStudio.Extensibility.ToolWindows.Implementation.ToolWindowProvider.OnHideAsync(String, CancellationToken) (QodoGenVS.GeneratedToolWindowProvider) 
00000440	1103.76171875	[35416] JsonRpc Information: 0 : 
00000441	1103.76184082	[35416] Added local RPC method "SubscribeAsync" -> Microsoft.VisualStudio.Extensibility.ToolWindows.Implementation.ToolWindowProvider.SubscribeAsync(IObserver`1, CancellationToken) (QodoGenVS.GeneratedToolWindowProvider) 
00000442	1103.76184082	[35416] JsonRpc Information: 0 : 
00000443	1103.76196289	[35416] Added local RPC method "Dispose" -> Microsoft.VisualStudio.Extensibility.ExtensionPart.Dispose() (QodoGenVS.GeneratedToolWindowProvider) 
00000444	1103.76196289	[35416] JsonRpc Information: 0 : 
00000445	1103.76196289	[35416] Added local RPC method "CreateToolWindow" -> Microsoft.VisualStudio.Extensibility.ToolWindows.Implementation.ToolWindowProvider.CreateToolWindowAsync(String, CancellationToken) (QodoGenVS.GeneratedToolWindowProvider) 
00000446	1103.76196289	[35416] JsonRpc Information: 0 : 
00000447	1103.76196289	[35416] Added local RPC method "GetTitle" -> Microsoft.VisualStudio.Extensibility.ToolWindows.Implementation.ToolWindowProvider.GetTitleAsync(String, CancellationToken) (QodoGenVS.GeneratedToolWindowProvider) 
00000448	1103.76208496	[35416] JsonRpc Information: 0 : 
00000449	1103.76208496	[35416] Added local RPC method "OnShow" -> Microsoft.VisualStudio.Extensibility.ToolWindows.Implementation.ToolWindowProvider.OnShowAsync(String, CancellationToken) (QodoGenVS.GeneratedToolWindowProvider) 
00000450	1103.76220703	[35416] JsonRpc Information: 0 : 
00000451	1103.76220703	[35416] Added local RPC method "OnHide" -> Microsoft.VisualStudio.Extensibility.ToolWindows.Implementation.ToolWindowProvider.OnHideAsync(String, CancellationToken) (QodoGenVS.GeneratedToolWindowProvider) 
00000452	1103.76220703	[35416] JsonRpc Information: 0 : 
00000453	1103.76232910	[35416] Added local RPC method "Subscribe" -> Microsoft.VisualStudio.Extensibility.ToolWindows.Implementation.ToolWindowProvider.SubscribeAsync(IObserver`1, CancellationToken) (QodoGenVS.GeneratedToolWindowProvider) 
00000454	1103.76257324	[35416] JsonRpc Information: 3 : 
00000455	1103.76257324	[35416] Listening started. 
00000456	1103.87744141	[35416] JsonRpc Information: 7 : 
00000457	1103.88464355	[35416] {"id":2,"method":"SubscribeAsync"} 
00000458	1103.88952637	[35416] JsonRpc Information: 6 : 
00000459	1103.90075684	[35416] Received request "2" for method "SubscribeAsync". 
00000460	1103.90820313	[35416] JsonRpc Information: 9 : 
00000461	1103.91259766	[35416] Invoking Microsoft.VisualStudio.Extensibility.ToolWindows.Implementation.ToolWindowProvider.SubscribeAsync(IObserver`1, CancellationToken) 
00000462	1103.95178223	[35416] JsonRpc Information: 0 : 
00000463	1103.95190430	[35416] Added local RPC method "$/invokeProxy/0/dispose" -> System.IDisposable.Dispose() (Microsoft.VisualStudio.Extensibility.ToolWindows.Implementation.ToolWindowProvider+Unsubscriber) 
00000464	1103.95202637	[35416] JsonRpc Information: 8 : 
00000465	1103.95202637	[35416] {"id":2} 
00000466	1103.95458984	[35416] JsonRpc Information: 7 : 
00000467	1103.95458984	[35416] {"id":3,"method":"OnShowAsync"} 
00000468	1103.95471191	[35416] JsonRpc Information: 6 : 
00000469	1103.95471191	[35416] Received request "3" for method "OnShowAsync". 
00000470	1103.95483398	[35416] JsonRpc Information: 9 : 
00000471	1103.95483398	[35416] Invoking Microsoft.VisualStudio.Extensibility.ToolWindows.Implementation.ToolWindowProvider.OnShowAsync(String, CancellationToken) 
00000472	1103.95520020	[35416] JsonRpc Information: 7 : 
00000473	1103.95520020	[35416] {"id":4,"method":"CreateToolWindowAsync"} 
00000474	1103.95544434	[35416] JsonRpc Information: 6 : 
00000475	1103.95544434	[35416] Received request "4" for method "CreateToolWindowAsync". 
00000476	1103.95544434	[35416] JsonRpc Information: 9 : 
00000477	1103.95556641	[35416] Invoking Microsoft.VisualStudio.Extensibility.ToolWindows.Implementation.ToolWindowProvider.CreateToolWindowAsync(String, CancellationToken) 
00000478	1103.96398926	[35416] JsonRpc Information: 8 : 
00000479	1103.96411133	[35416] {"id":3} 
00000480	1104.02539063	[35416] JsonRpc Information: 0 : 
00000481	1104.02575684	[35416] Added local RPC method "$/invokeProxy/1/Dispose" -> System.IDisposable.Dispose() (Microsoft.VisualStudio.Extensibility.VSSdkCompatibility.WpfControlWrapper) 
00000482	1104.02612305	[35416] JsonRpc Information: 0 : 
00000483	1104.02636719	[35416] Added local RPC method "$/invokeProxy/1/3.GetGCHandleAsync" -> Microsoft.VisualStudio.RpcContracts.RemoteUI.ILocalControlWrapper.GetGCHandleAsync(CancellationToken) (Microsoft.VisualStudio.Extensibility.VSSdkCompatibility.WpfControlWrapper) 
00000484	1104.02636719	[35416] JsonRpc Information: 0 : 
00000485	1104.02636719	[35416] Added local RPC method "$/invokeProxy/1/3.Dispose" -> System.IDisposable.Dispose() (Microsoft.VisualStudio.Extensibility.VSSdkCompatibility.WpfControlWrapper) 
00000486	1104.02636719	[35416] JsonRpc Information: 0 : 
00000487	1104.02636719	[35416] Added local RPC method "$/invokeProxy/1/3.GetGCHandle" -> Microsoft.VisualStudio.RpcContracts.RemoteUI.ILocalControlWrapper.GetGCHandleAsync(CancellationToken) (Microsoft.VisualStudio.Extensibility.VSSdkCompatibility.WpfControlWrapper) 
00000488	1104.02648926	[35416] JsonRpc Information: 8 : 
00000489	1104.02648926	[35416] {"id":4} 
00000490	1104.03515625	[35416] JsonRpc Information: 7 : 
00000491	1104.03515625	[35416] {"id":5,"method":"GetTitleAsync"} 
00000492	1104.03515625	[35416] JsonRpc Information: 6 : 
00000493	1104.03515625	[35416] Received request "5" for method "GetTitleAsync". 
00000494	1104.03527832	[35416] JsonRpc Information: 9 : 
00000495	1104.03527832	[35416] Invoking Microsoft.VisualStudio.Extensibility.ToolWindows.Implementation.ToolWindowProvider.GetTitleAsync(String, CancellationToken) 
00000496	1104.03588867	[35416] JsonRpc Information: 8 : 
00000497	1104.03588867	[35416] {"id":5} 
00000498	1104.36242676	[35416] JsonRpc Information: 7 : 
00000499	1104.37011719	[35416] {"id":6,"method":"$/invokeProxy/1/3.GetGCHandleAsync"} 
00000500	1104.37609863	[35416] JsonRpc Information: 6 : 
00000501	1104.38940430	[35416] Received request "6" for method "$/invokeProxy/1/3.GetGCHandleAsync". 
00000502	1104.39624023	[35416] JsonRpc Information: 9 : 
00000503	1104.39953613	[35416] Invoking Microsoft.VisualStudio.RpcContracts.RemoteUI.ILocalControlWrapper.GetGCHandleAsync(CancellationToken) 
00000504	1104.40417480	[35416] JsonRpc Information: 8 : 
00000505	1104.41223145	[35416] {"id":6} 
00000506	1104.49975586	[35416] JsonRpc Information: 7 : 
00000507	1104.49987793	[35416] {"id":null,"method":"$/invokeProxy/1/Dispose"} 
00000508	1104.50000000	[35416] JsonRpc Information: 6 : 
00000509	1104.50012207	[35416] Received notification for method "$/invokeProxy/1/Dispose". 
00000510	1104.50024414	[35416] JsonRpc Information: 9 : 
00000511	1104.50036621	[35416] Invoking System.IDisposable.Dispose() 
00000512	1104.50109863	[35416] JsonRpc Information: 7 : 
00000513	1104.50109863	[35416] {"id":null,"method":"$/releaseMarshaledObject"} 
00000514	1104.50109863	[35416] JsonRpc Information: 6 : 
00000515	1104.50122070	[35416] Received notification for method "$/releaseMarshaledObject". 
00000516	1104.50134277	[35416] JsonRpc Information: 9 : 
00000517	1104.50134277	[35416] Invoking StreamJsonRpc.Reflection.MessageFormatterRpcMarshaledContextTracker.ReleaseMarshaledObject(Int64, Boolean) 
00000518	1104.59570313	[22028] RecursiveDirectoryCreate( C:\Users\Nabeel Hyder\AppData\Roaming\Qodo\QodoGen\EBWebView directory exists )
00000519	1105.33862305	[35416] JsonRpc Information: 3 : 
00000520	1105.33874512	[35416] Listening started. 
00000521	1105.34106445	[35416] JsonRpc Information: 8 : 
00000522	1105.34106445	[35416] {"id":2,"method":"ExecuteQueryAsync"} 
00000523	1105.34680176	[35416] JsonRpc Information: 8 : 
00000524	1105.34692383	[35416] {"id":3,"method":"ExecuteQueryAsync"} 
00000525	1105.36755371	[35416] JsonRpc Information: 7 : 
00000526	1105.36755371	[35416] {"id":2} 
00000527	1105.36767578	[35416] JsonRpc Information: 11 : 
00000528	1105.36779785	[35416] Received result for request "2". 
00000529	1105.36865234	[35416] JsonRpc Information: 7 : 
00000530	1105.36889648	[35416] {"id":3} 
00000531	1105.37487793	[35416] JsonRpc Information: 11 : 
00000532	1105.37487793	[35416] Received result for request "3". 
00000533	1105.42578125	[35416] JsonRpc Information: 8 : 
00000534	1105.42590332	[35416] {"id":4,"method":"ExecuteQueryAsync"} 
00000535	1105.43310547	[35416] JsonRpc Information: 8 : 
00000536	1105.43310547	[35416] {"id":5,"method":"ExecuteQueryAsync"} 
00000537	1105.61999512	[35416] JsonRpc Information: 7 : 
00000538	1105.61999512	[35416] {"id":4} 
00000539	1105.62011719	[35416] JsonRpc Information: 11 : 
00000540	1105.62011719	[35416] Received result for request "4". 
00000541	1105.62023926	[35416] JsonRpc Information: 7 : 
00000542	1105.62036133	[35416] {"id":5} 
00000543	1105.62048340	[35416] JsonRpc Information: 11 : 
00000544	1105.62048340	[35416] Received result for request "5". 
00000545	1105.62060547	[35416] JsonRpc Information: 8 : 
00000546	1105.62072754	[35416] {"id":6,"method":"ExecuteQueryAsync"} 
00000547	1105.62207031	[35416] JsonRpc Information: 7 : 
00000548	1105.62219238	[35416] {"id":6} 
00000549	1105.62231445	[35416] JsonRpc Information: 11 : 
00000550	1105.62231445	[35416] Received result for request "6". 
00000551	1105.65942383	[35416] JsonRpc Information: 8 : 
00000552	1105.65954590	[35416] {"id":7,"method":"ExecuteQueryAsync"} 
00000553	1105.66076660	[35416] JsonRpc Information: 7 : 
00000554	1105.66088867	[35416] {"id":7} 
00000555	1105.66113281	[35416] JsonRpc Information: 11 : 
00000556	1105.66125488	[35416] Received result for request "7". 
00000557	1105.92736816	[35416] JsonRpc Information: 8 : 
00000558	1105.93603516	[35416] {"id":8,"method":"ExecuteQueryAsync"} 
00000559	1105.96032715	[35416] JsonRpc Information: 8 : 
00000560	1105.96032715	[35416] {"id":9,"method":"ExecuteQueryAsync"} 
00000561	1105.96130371	[35416] JsonRpc Information: 8 : 
00000562	1105.96130371	[35416] {"id":10,"method":"ExecuteQueryAsync"} 
00000563	1105.96154785	[35416] JsonRpc Information: 8 : 
00000564	1105.96166992	[35416] {"id":11,"method":"ExecuteQueryAsync"} 
00000565	1105.96545410	[35416] JsonRpc Information: 7 : 
00000566	1105.96557617	[35416] {"id":8} 
00000567	1105.96569824	[35416] JsonRpc Information: 11 : 
00000568	1105.96582031	[35416] Received result for request "8". 
00000569	1105.96630859	[35416] JsonRpc Information: 7 : 
00000570	1105.96630859	[35416] {"id":11} 
00000571	1105.96643066	[35416] JsonRpc Information: 11 : 
00000572	1105.96643066	[35416] Received result for request "11". 
00000573	1105.96643066	[35416] JsonRpc Information: 7 : 
00000574	1105.96643066	[35416] {"id":9} 
00000575	1105.96655273	[35416] JsonRpc Information: 11 : 
00000576	1105.96655273	[35416] Received result for request "9". 
00000577	1105.96716309	[35416] JsonRpc Information: 7 : 
00000578	1105.96716309	[35416] {"id":10} 
00000579	1105.96716309	[35416] JsonRpc Information: 11 : 
00000580	1105.96716309	[35416] Received result for request "10". 
00000581	1105.97924805	[35416] JsonRpc Information: 3 : 
00000582	1105.97937012	[35416] Listening started. 
00000583	1105.98742676	[35416] JsonRpc Information: 8 : 
00000584	1105.98742676	[35416] {"id":2,"method":"GetOpenDocumentsAsync"} 
00000585	1105.98986816	[35416] JsonRpc Information: 8 : 
00000586	1105.98999023	[35416] {"id":3,"method":"GetOpenDocumentsAsync"} 
00000587	1105.99011230	[35416] JsonRpc Information: 8 : 
00000588	1105.99023438	[35416] {"id":4,"method":"GetOpenDocumentsAsync"} 
00000589	1105.99047852	[35416] JsonRpc Information: 8 : 
00000590	1105.99047852	[35416] {"id":5,"method":"GetOpenDocumentsAsync"} 
00000591	1106.02416992	[35416] JsonRpc Information: 7 : 
00000592	1106.02441406	[35416] {"id":2} 
00000593	1106.02453613	[35416] JsonRpc Information: 11 : 
00000594	1106.02453613	[35416] Received result for request "2". 
00000595	1106.05310059	[35416] JsonRpc Information: 8 : 
00000596	1106.05322266	[35416] {"id":6,"method":"InitializeDocumentAsync"} 
00000597	1106.06750488	[35416] JsonRpc Information: 7 : 
00000598	1106.06750488	[35416] {"id":3} 
00000599	1106.06750488	[35416] JsonRpc Information: 11 : 
00000600	1106.06750488	[35416] Received result for request "3". 
00000601	1106.06811523	[35416] JsonRpc Information: 8 : 
00000602	1106.06811523	[35416] {"id":7,"method":"InitializeDocumentAsync"} 
00000603	1106.08178711	[35416] JsonRpc Information: 7 : 
00000604	1106.08190918	[35416] {"id":4} 
00000605	1106.08190918	[35416] JsonRpc Information: 11 : 
00000606	1106.08203125	[35416] Received result for request "4". 
00000607	1106.08227539	[35416] JsonRpc Information: 8 : 
00000608	1106.08239746	[35416] {"id":8,"method":"InitializeDocumentAsync"} 
00000609	1106.09289551	[35416] JsonRpc Information: 7 : 
00000610	1106.09289551	[35416] {"id":5} 
00000611	1106.09301758	[35416] JsonRpc Information: 11 : 
00000612	1106.09301758	[35416] Received result for request "5". 
00000613	1106.09350586	[35416] JsonRpc Information: 8 : 
00000614	1106.09350586	[35416] {"id":9,"method":"InitializeDocumentAsync"} 
00000615	1106.10314941	[35416] ExecuteSynchronously task continuation option has been passed but it is not supported by VS Task Library hence it is ignored. 
00000616	1106.10754395	[35416] JsonRpc Information: 7 : 
00000617	1106.10754395	[35416] {"id":6} 
00000618	1106.10766602	[35416] JsonRpc Information: 11 : 
00000619	1106.10778809	[35416] Received result for request "6". 
00000620	1106.10949707	[35416] JsonRpc Information: 7 : 
00000621	1106.10961914	[35416] {"id":7} 
00000622	1106.10974121	[35416] JsonRpc Information: 11 : 
00000623	1106.10974121	[35416] Received result for request "7". 
00000624	1106.10986328	[35416] JsonRpc Information: 7 : 
00000625	1106.11010742	[35416] {"id":8} 
00000626	1106.11010742	[35416] JsonRpc Information: 11 : 
00000627	1106.11022949	[35416] Received result for request "8". 
00000628	1106.11035156	[35416] JsonRpc Information: 7 : 
00000629	1106.11047363	[35416] {"id":9} 
00000630	1106.11059570	[35416] JsonRpc Information: 11 : 
00000631	1106.11071777	[35416] Received result for request "9". 
00000632	1106.11071777	[35416] JsonRpc Information: 8 : 
00000633	1106.11071777	[35416] {"id":10,"method":"InitializeDocumentAsync"} 
00000634	1106.11083984	[35416] JsonRpc Information: 8 : 
00000635	1106.11096191	[35416] {"id":11,"method":"InitializeDocumentAsync"} 
00000636	1106.11145020	[35416] JsonRpc Information: 8 : 
00000637	1106.11145020	[35416] {"id":12,"method":"InitializeDocumentAsync"} 
00000638	1106.11181641	[35416] JsonRpc Information: 8 : 
00000639	1106.11193848	[35416] {"id":13,"method":"InitializeDocumentAsync"} 
00000640	1106.11987305	[25640] JsonRpc Warning: 5 : 
00000641	1106.11987305	[25640] No target methods are registered that match "NotificationReceived". 
00000642	1106.11999512	[35416] ExecuteSynchronously task continuation option has been passed but it is not supported by VS Task Library hence it is ignored. 
00000643	1106.12451172	[35416] JsonRpc Information: 7 : 
00000644	1106.12463379	[35416] {"id":10} 
00000645	1106.12463379	[35416] JsonRpc Information: 11 : 
00000646	1106.12463379	[35416] Received result for request "10". 
00000647	1106.12500000	[35416] JsonRpc Information: 7 : 
00000648	1106.12500000	[35416] {"id":12} 
00000649	1106.12512207	[35416] JsonRpc Information: 11 : 
00000650	1106.12524414	[35416] Received result for request "12". 
00000651	1106.12536621	[35416] JsonRpc Information: 7 : 
00000652	1106.12536621	[35416] {"id":13} 
00000653	1106.12548828	[35416] JsonRpc Information: 11 : 
00000654	1106.12561035	[35416] Received result for request "13". 
00000655	1106.12561035	[35416] JsonRpc Information: 7 : 
00000656	1106.12573242	[35416] {"id":11} 
00000657	1106.12585449	[35416] JsonRpc Information: 11 : 
00000658	1106.12597656	[35416] Received result for request "11". 
00000659	1106.12597656	[35416] JsonRpc Information: 8 : 
00000660	1106.12609863	[35416] {"id":14,"method":"InitializeDocumentAsync"} 
00000661	1106.12658691	[35416] JsonRpc Information: 8 : 
00000662	1106.12658691	[35416] {"id":15,"method":"InitializeDocumentAsync"} 
00000663	1106.12658691	[35416] JsonRpc Information: 8 : 
00000664	1106.12670898	[35416] {"id":16,"method":"InitializeDocumentAsync"} 
00000665	1106.12683105	[35416] JsonRpc Information: 8 : 
00000666	1106.12683105	[35416] {"id":17,"method":"InitializeDocumentAsync"} 
00000667	1106.13330078	[35416] ExecuteSynchronously task continuation option has been passed but it is not supported by VS Task Library hence it is ignored. 
00000668	1106.13745117	[35416] JsonRpc Information: 7 : 
00000669	1106.13745117	[35416] {"id":14} 
00000670	1106.13757324	[35416] JsonRpc Information: 11 : 
00000671	1106.13769531	[35416] Received result for request "14". 
00000672	1106.13793945	[35416] JsonRpc Information: 7 : 
00000673	1106.13806152	[35416] {"id":15} 
00000674	1106.13806152	[35416] JsonRpc Information: 11 : 
00000675	1106.13806152	[35416] Received result for request "15". 
00000676	1106.13818359	[35416] JsonRpc Information: 7 : 
00000677	1106.13830566	[35416] {"id":16} 
00000678	1106.13830566	[35416] JsonRpc Information: 11 : 
00000679	1106.13830566	[35416] Received result for request "16". 
00000680	1106.13842773	[35416] JsonRpc Information: 7 : 
00000681	1106.13842773	[35416] {"id":17} 
00000682	1106.13842773	[35416] JsonRpc Information: 11 : 
00000683	1106.13854980	[35416] Received result for request "17". 
00000684	1106.13891602	[35416] JsonRpc Information: 8 : 
00000685	1106.13903809	[35416] {"id":18,"method":"InitializeDocumentAsync"} 
00000686	1106.13940430	[35416] JsonRpc Information: 8 : 
00000687	1106.13952637	[35416] {"id":19,"method":"InitializeDocumentAsync"} 
00000688	1106.13977051	[35416] JsonRpc Information: 8 : 
00000689	1106.14001465	[35416] {"id":20,"method":"InitializeDocumentAsync"} 
00000690	1106.14013672	[35416] JsonRpc Information: 8 : 
00000691	1106.14025879	[35416] {"id":21,"method":"InitializeDocumentAsync"} 
00000692	1106.14782715	[25640] JsonRpc Warning: 5 : 
00000693	1106.14819336	[25640] No target methods are registered that match "NotificationReceived". 
00000694	1106.14843750	[35416] ExecuteSynchronously task continuation option has been passed but it is not supported by VS Task Library hence it is ignored. 
00000695	1106.15246582	[35416] JsonRpc Information: 7 : 
00000696	1106.15246582	[35416] {"id":18} 
00000697	1106.15258789	[35416] JsonRpc Information: 11 : 
00000698	1106.15258789	[35416] Received result for request "18". 
00000699	1106.15356445	[35416] JsonRpc Information: 8 : 
00000700	1106.15356445	[35416] {"id":22,"method":"InitializeDocumentAsync"} 
00000701	1106.15417480	[35416] JsonRpc Information: 7 : 
00000702	1106.15429688	[35416] {"id":20} 
00000703	1106.15441895	[35416] JsonRpc Information: 11 : 
00000704	1106.15441895	[35416] Received result for request "20". 
00000705	1106.15454102	[35416] JsonRpc Information: 7 : 
00000706	1106.15454102	[35416] {"id":21} 
00000707	1106.15454102	[35416] JsonRpc Information: 11 : 
00000708	1106.15466309	[35416] Received result for request "21". 
00000709	1106.15478516	[35416] JsonRpc Information: 7 : 
00000710	1106.15478516	[35416] {"id":19} 
00000711	1106.15490723	[35416] JsonRpc Information: 11 : 
00000712	1106.15490723	[35416] Received result for request "19". 
00000713	1106.15991211	[35416] ExecuteSynchronously task continuation option has been passed but it is not supported by VS Task Library hence it is ignored. 
00000714	1106.16381836	[35416] JsonRpc Information: 8 : 
00000715	1106.16394043	[35416] {"id":23,"method":"InitializeDocumentAsync"} 
00000716	1106.16406250	[35416] JsonRpc Information: 7 : 
00000717	1106.16418457	[35416] {"id":22} 
00000718	1106.16430664	[35416] JsonRpc Information: 11 : 
00000719	1106.16442871	[35416] Received result for request "22". 
00000720	1106.16479492	[35416] JsonRpc Information: 8 : 
00000721	1106.16491699	[35416] {"id":24,"method":"InitializeDocumentAsync"} 
00000722	1106.16516113	[35416] JsonRpc Information: 8 : 
00000723	1106.16516113	[35416] {"id":25,"method":"InitializeDocumentAsync"} 
00000724	1106.16564941	[35416] JsonRpc Information: 8 : 
00000725	1106.16564941	[35416] {"id":26,"method":"InitializeDocumentAsync"} 
00000726	1106.16638184	[35416] JsonRpc Information: 7 : 
00000727	1106.16650391	[35416] {"id":23} 
00000728	1106.16662598	[35416] JsonRpc Information: 11 : 
00000729	1106.16662598	[35416] Received result for request "23". 
00000730	1106.16662598	[35416] JsonRpc Information: 7 : 
00000731	1106.16662598	[35416] {"id":24} 
00000732	1106.16674805	[35416] JsonRpc Information: 11 : 
00000733	1106.16687012	[35416] Received result for request "24". 
00000734	1106.16699219	[35416] JsonRpc Information: 7 : 
00000735	1106.16699219	[35416] {"id":25} 
00000736	1106.16711426	[35416] JsonRpc Information: 11 : 
00000737	1106.16711426	[35416] Received result for request "25". 
00000738	1106.16918945	[25640] JsonRpc Warning: 5 : 
00000739	1106.16918945	[25640] No target methods are registered that match "NotificationReceived". 
00000740	1106.17333984	[35416] ExecuteSynchronously task continuation option has been passed but it is not supported by VS Task Library hence it is ignored. 
00000741	1106.17712402	[35416] JsonRpc Information: 7 : 
00000742	1106.17724609	[35416] {"id":26} 
00000743	1106.17724609	[35416] JsonRpc Information: 11 : 
00000744	1106.17736816	[35416] Received result for request "26". 
00000745	1106.17749023	[35416] JsonRpc Information: 8 : 
00000746	1106.17749023	[35416] {"id":27,"method":"InitializeDocumentAsync"} 
00000747	1106.17773438	[35416] JsonRpc Information: 8 : 
00000748	1106.17797852	[35416] {"id":28,"method":"InitializeDocumentAsync"} 
00000749	1106.17810059	[35416] JsonRpc Information: 8 : 
00000750	1106.17810059	[35416] {"id":29,"method":"InitializeDocumentAsync"} 
00000751	1106.17822266	[35416] JsonRpc Information: 8 : 
00000752	1106.17822266	[35416] {"id":30,"method":"InitializeDocumentAsync"} 
00000753	1106.17883301	[35416] JsonRpc Information: 7 : 
00000754	1106.17895508	[35416] {"id":27} 
00000755	1106.17895508	[35416] JsonRpc Information: 11 : 
00000756	1106.17907715	[35416] Received result for request "27". 
00000757	1106.17919922	[35416] JsonRpc Information: 7 : 
00000758	1106.17919922	[35416] {"id":28} 
00000759	1106.17919922	[35416] JsonRpc Information: 11 : 
00000760	1106.17932129	[35416] Received result for request "28". 
00000761	1106.17932129	[35416] JsonRpc Information: 7 : 
00000762	1106.17932129	[35416] {"id":29} 
00000763	1106.17932129	[35416] JsonRpc Information: 11 : 
00000764	1106.17944336	[35416] Received result for request "29". 
00000765	1106.18383789	[35416] ExecuteSynchronously task continuation option has been passed but it is not supported by VS Task Library hence it is ignored. 
00000766	1106.18701172	[35416] JsonRpc Information: 8 : 
00000767	1106.18713379	[35416] {"id":31,"method":"InitializeDocumentAsync"} 
00000768	1106.18774414	[35416] JsonRpc Information: 7 : 
00000769	1106.18786621	[35416] {"id":30} 
00000770	1106.18798828	[35416] JsonRpc Information: 11 : 
00000771	1106.18798828	[35416] Received result for request "30". 
00000772	1106.18859863	[35416] JsonRpc Information: 8 : 
00000773	1106.18872070	[35416] {"id":32,"method":"InitializeDocumentAsync"} 
00000774	1106.18896484	[35416] JsonRpc Information: 8 : 
00000775	1106.18896484	[35416] {"id":33,"method":"InitializeDocumentAsync"} 
00000776	1106.19775391	[35416] JsonRpc Information: 7 : 
00000777	1106.19787598	[35416] {"id":31} 
00000778	1106.19799805	[35416] JsonRpc Information: 11 : 
00000779	1106.19812012	[35416] Received result for request "31". 
00000780	1106.19848633	[35416] JsonRpc Information: 7 : 
00000781	1106.19860840	[35416] {"id":32} 
00000782	1106.19897461	[35416] JsonRpc Information: 11 : 
00000783	1106.19909668	[35416] Received result for request "32". 
00000784	1106.19921875	[35416] JsonRpc Information: 7 : 
00000785	1106.19921875	[35416] {"id":33} 
00000786	1106.19934082	[35416] JsonRpc Information: 11 : 
00000787	1106.19946289	[35416] Received result for request "33". 
00000788	1108.11108398	[35416] JsonRpc Warning: 5 : 
00000789	1108.11120605	[35416] No target methods are registered that match "NotificationReceived". 
00000790	1108.11120605	[35416] JsonRpc Warning: 5 : 
00000791	1108.11120605	[35416] No target methods are registered that match "NotificationReceived". 
00000792	1108.11132813	[35416] JsonRpc Warning: 5 : 
00000793	1108.11145020	[35416] No target methods are registered that match "NotificationReceived". 
00000794	1166.72937012	[35416] JsonRpc Information: 8 : 
00000795	1166.72961426	[35416] {"id":12,"method":"ExecuteQueryAsync"} 
00000796	1166.73315430	[35416] JsonRpc Information: 7 : 
00000797	1166.73327637	[35416] {"id":12} 
00000798	1166.73339844	[35416] JsonRpc Information: 11 : 
00000799	1166.73352051	[35416] Received result for request "12". 
00000800	1166.74633789	[35416] JsonRpc Information: 8 : 
00000801	1166.74633789	[35416] {"id":13,"method":"ExecuteQueryAsync"} 
00000802	1166.74719238	[35416] JsonRpc Information: 7 : 
00000803	1166.74719238	[35416] {"id":13} 
00000804	1166.74719238	[35416] JsonRpc Information: 11 : 
00000805	1166.74719238	[35416] Received result for request "13". 
00000806	1166.74780273	[35416] JsonRpc Information: 8 : 
00000807	1166.74780273	[35416] {"id":14,"method":"ExecuteQueryAsync"} 
00000808	1166.74853516	[35416] JsonRpc Information: 7 : 
00000809	1166.74865723	[35416] {"id":14} 
00000810	1166.74865723	[35416] JsonRpc Information: 11 : 
00000811	1166.74877930	[35416] Received result for request "14". 
00000812	1166.74914551	[35416] JsonRpc Information: 8 : 
00000813	1166.74926758	[35416] {"id":15,"method":"ExecuteQueryAsync"} 
00000814	1166.74975586	[35416] JsonRpc Information: 7 : 
00000815	1166.74987793	[35416] {"id":15} 
00000816	1166.75000000	[35416] JsonRpc Information: 11 : 
00000817	1166.75000000	[35416] Received result for request "15". 
00000818	1166.75036621	[35416] JsonRpc Information: 8 : 
00000819	1166.75048828	[35416] {"id":16,"method":"ExecuteQueryAsync"} 
00000820	1166.75097656	[35416] JsonRpc Information: 7 : 
00000821	1166.75097656	[35416] {"id":16} 
00000822	1166.75097656	[35416] JsonRpc Information: 11 : 
00000823	1166.75109863	[35416] Received result for request "16". 
00000824	1166.75146484	[35416] JsonRpc Information: 8 : 
00000825	1166.75158691	[35416] {"id":17,"method":"ExecuteQueryAsync"} 
00000826	1166.75207520	[35416] JsonRpc Information: 7 : 
00000827	1166.75207520	[35416] {"id":17} 
00000828	1166.75207520	[35416] JsonRpc Information: 11 : 
00000829	1166.75207520	[35416] Received result for request "17". 
00000830	1166.75244141	[35416] JsonRpc Information: 8 : 
00000831	1166.75244141	[35416] {"id":18,"method":"ExecuteQueryAsync"} 
00000832	1166.75292969	[35416] JsonRpc Information: 7 : 
00000833	1166.75305176	[35416] {"id":18} 
00000834	1166.75305176	[35416] JsonRpc Information: 11 : 
00000835	1166.75305176	[35416] Received result for request "18". 
00000836	1166.75354004	[35416] JsonRpc Information: 8 : 
00000837	1166.75354004	[35416] {"id":19,"method":"ExecuteQueryAsync"} 
00000838	1166.75402832	[35416] JsonRpc Information: 7 : 
00000839	1166.75415039	[35416] {"id":19} 
00000840	1166.75415039	[35416] JsonRpc Information: 11 : 
00000841	1166.75415039	[35416] Received result for request "19". 
00000842	1166.75476074	[35416] JsonRpc Information: 8 : 
00000843	1166.75476074	[35416] {"id":20,"method":"ExecuteQueryAsync"} 
00000844	1166.75537109	[35416] JsonRpc Information: 7 : 
00000845	1166.75537109	[35416] {"id":20} 
00000846	1166.75549316	[35416] JsonRpc Information: 11 : 
00000847	1166.75549316	[35416] Received result for request "20". 
00000848	1166.75634766	[35416] JsonRpc Information: 8 : 
00000849	1166.75646973	[35416] {"id":21,"method":"ExecuteQueryAsync"} 
00000850	1166.75732422	[35416] JsonRpc Information: 7 : 
00000851	1166.75732422	[35416] {"id":21} 
00000852	1166.75732422	[35416] JsonRpc Information: 11 : 
00000853	1166.75744629	[35416] Received result for request "21". 
00000854	1166.75830078	[35416] JsonRpc Information: 8 : 
00000855	1166.75842285	[35416] {"id":22,"method":"ExecuteQueryAsync"} 
00000856	1166.75903320	[35416] JsonRpc Information: 7 : 
00000857	1166.75903320	[35416] {"id":22} 
00000858	1166.75915527	[35416] JsonRpc Information: 11 : 
00000859	1166.75915527	[35416] Received result for request "22". 
00000860	1166.75964355	[35416] JsonRpc Information: 8 : 
00000861	1166.75964355	[35416] {"id":23,"method":"ExecuteQueryAsync"} 
00000862	1166.76025391	[35416] JsonRpc Information: 7 : 
00000863	1166.76025391	[35416] {"id":23} 
00000864	1166.76025391	[35416] JsonRpc Information: 11 : 
00000865	1166.76025391	[35416] Received result for request "23". 
00000866	1166.76062012	[35416] JsonRpc Information: 8 : 
00000867	1166.76062012	[35416] {"id":24,"method":"ExecuteQueryAsync"} 
00000868	1166.76110840	[35416] JsonRpc Information: 7 : 
00000869	1166.76110840	[35416] {"id":24} 
00000870	1166.76110840	[35416] JsonRpc Information: 11 : 
00000871	1166.76110840	[35416] Received result for request "24". 
00000872	1166.76159668	[35416] JsonRpc Information: 8 : 
00000873	1166.76159668	[35416] {"id":25,"method":"ExecuteQueryAsync"} 
00000874	1166.76208496	[35416] JsonRpc Information: 7 : 
00000875	1166.76208496	[35416] {"id":25} 
00000876	1166.76208496	[35416] JsonRpc Information: 11 : 
00000877	1166.76208496	[35416] Received result for request "25". 
00000878	1166.76245117	[35416] JsonRpc Information: 8 : 
00000879	1166.76245117	[35416] {"id":26,"method":"ExecuteQueryAsync"} 
00000880	1166.76306152	[35416] JsonRpc Information: 7 : 
00000881	1166.76306152	[35416] {"id":26} 
00000882	1166.76306152	[35416] JsonRpc Information: 11 : 
00000883	1166.76306152	[35416] Received result for request "26". 
00000884	1166.76330566	[35416] JsonRpc Information: 8 : 
00000885	1166.76342773	[35416] {"id":27,"method":"ExecuteQueryAsync"} 
00000886	1166.76379395	[35416] JsonRpc Information: 7 : 
00000887	1166.76379395	[35416] {"id":27} 
00000888	1166.76379395	[35416] JsonRpc Information: 11 : 
00000889	1166.76379395	[35416] Received result for request "27". 
00000890	1166.76684570	[35416] JsonRpc Information: 8 : 
00000891	1166.76684570	[35416] {"id":28,"method":"ExecuteQueryAsync"} 
00000892	1166.76782227	[35416] JsonRpc Information: 7 : 
00000893	1166.76782227	[35416] {"id":28} 
00000894	1166.76794434	[35416] JsonRpc Information: 11 : 
00000895	1166.76794434	[35416] Received result for request "28". 
00000896	1269.29833984	[5352] [0902/040907.444:ERROR:third_party\crashpad\crashpad\util\file\filesystem_win.cc:128] GetFileAttributes C:\Users\Nabeel Hyder\AppData\Local\Google\Chrome\User Data\Crashpad\attachments\3ccd99b0-c7c4-413a-b818-beb255f16aba: The system cannot find the file specified. (0x2)
00000897	1269.29858398	[5352] [0902/040907.445:ERROR:third_party\crashpad\crashpad\util\file\filesystem_win.cc:128] GetFileAttributes C:\Users\Nabeel Hyder\AppData\Local\Google\Chrome\User Data\Crashpad\attachments\0359c66b-c5d9-42fa-bba9-eb58a623b58a: The system cannot find the file specified. (0x2)
00000898	1269.29943848	[5352] [0902/040907.446:ERROR:third_party\crashpad\crashpad\util\file\filesystem_win.cc:128] GetFileAttributes C:\Users\Nabeel Hyder\AppData\Local\Google\Chrome\User Data\Crashpad\attachments\4ede1c49-c9e5-41f2-90d4-29a9323b0544: The system cannot find the file specified. (0x2)
00000899	1269.30004883	[5352] [0902/040907.446:ERROR:third_party\crashpad\crashpad\util\file\filesystem_win.cc:128] GetFileAttributes C:\Users\Nabeel Hyder\AppData\Local\Google\Chrome\User Data\Crashpad\attachments\b3a21853-6170-4072-b16f-480d75df6dae: The system cannot find the file specified. (0x2)
00000900	1269.30053711	[5352] [0902/040907.447:ERROR:third_party\crashpad\crashpad\util\file\filesystem_win.cc:128] GetFileAttributes C:\Users\Nabeel Hyder\AppData\Local\Google\Chrome\User Data\Crashpad\attachments\b686ff2a-b6d2-476d-9c1b-6bd1ebc79f0b: The system cannot find the file specified. (0x2)
00000901	1269.30102539	[5352] [0902/040907.447:ERROR:third_party\crashpad\crashpad\util\file\filesystem_win.cc:128] GetFileAttributes C:\Users\Nabeel Hyder\AppData\Local\Google\Chrome\User Data\Crashpad\attachments\6545279d-efbf-4f74-aa1e-d02dcec9e3e4: The system cannot find the file specified. (0x2)
00000902	1269.30151367	[5352] [0902/040907.448:ERROR:third_party\crashpad\crashpad\util\file\filesystem_win.cc:128] GetFileAttributes C:\Users\Nabeel Hyder\AppData\Local\Google\Chrome\User Data\Crashpad\attachments\17e2d7e8-17c0-4f28-83b7-78613e385583: The system cannot find the file specified. (0x2)
00000903	1269.30200195	[5352] [0902/040907.448:ERROR:third_party\crashpad\crashpad\util\file\filesystem_win.cc:128] GetFileAttributes C:\Users\Nabeel Hyder\AppData\Local\Google\Chrome\User Data\Crashpad\attachments\df3fc448-7bc4-4b25-a556-90290e476879: The system cannot find the file specified. (0x2)
00000904	1269.30236816	[5352] [0902/040907.449:ERROR:third_party\crashpad\crashpad\util\file\filesystem_win.cc:128] GetFileAttributes C:\Users\Nabeel Hyder\AppData\Local\Google\Chrome\User Data\Crashpad\attachments\6dae28f9-3a84-4157-af45-85296b70a711: The system cannot find the file specified. (0x2)
00000905	1269.30273438	[5352] [0902/040907.449:ERROR:third_party\crashpad\crashpad\util\file\filesystem_win.cc:128] GetFileAttributes C:\Users\Nabeel Hyder\AppData\Local\Google\Chrome\User Data\Crashpad\attachments\f83f15d8-f1d5-4b04-86ba-cbf6ace28547: The system cannot find the file specified. (0x2)
00000906	1269.30322266	[5352] [0902/040907.450:ERROR:third_party\crashpad\crashpad\util\file\filesystem_win.cc:128] GetFileAttributes C:\Users\Nabeel Hyder\AppData\Local\Google\Chrome\User Data\Crashpad\attachments\ba350f48-28dd-4efb-bd75-2f4c99ed97e8: The system cannot find the file specified. (0x2)
00000907	1269.30358887	[5352] [0902/040907.450:ERROR:third_party\crashpad\crashpad\util\file\filesystem_win.cc:128] GetFileAttributes C:\Users\Nabeel Hyder\AppData\Local\Google\Chrome\User Data\Crashpad\attachments\f2f52206-f7f8-4a5f-84ad-af2bfab5bf40: The system cannot find the file specified. (0x2)
00000908	1269.30395508	[5352] [0902/040907.450:ERROR:third_party\crashpad\crashpad\util\file\filesystem_win.cc:128] GetFileAttributes C:\Users\Nabeel Hyder\AppData\Local\Google\Chrome\User Data\Crashpad\attachments\4443cf38-3ccd-49f1-bccb-c4197d3c9587: The system cannot find the file specified. (0x2)
00000909	1269.30444336	[5352] [0902/040907.451:ERROR:third_party\crashpad\crashpad\util\file\filesystem_win.cc:128] GetFileAttributes C:\Users\Nabeel Hyder\AppData\Local\Google\Chrome\User Data\Crashpad\attachments\9ae5113d-2771-4f4e-b219-ce89aa676b43: The system cannot find the file specified. (0x2)
00000910	1269.30480957	[5352] [0902/040907.451:ERROR:third_party\crashpad\crashpad\util\file\filesystem_win.cc:128] GetFileAttributes C:\Users\Nabeel Hyder\AppData\Local\Google\Chrome\User Data\Crashpad\attachments\6ea8f6a4-223a-49c2-9c65-ea88d651b682: The system cannot find the file specified. (0x2)
00000911	1269.30517578	[5352] [0902/040907.452:ERROR:third_party\crashpad\crashpad\util\file\filesystem_win.cc:128] GetFileAttributes C:\Users\Nabeel Hyder\AppData\Local\Google\Chrome\User Data\Crashpad\attachments\192d95a0-3239-4d74-9deb-1d5abe3e2b0b: The system cannot find the file specified. (0x2)
00000912	1269.30554199	[5352] [0902/040907.452:ERROR:third_party\crashpad\crashpad\util\file\filesystem_win.cc:128] GetFileAttributes C:\Users\Nabeel Hyder\AppData\Local\Google\Chrome\User Data\Crashpad\attachments\cc8da2ef-df61-40ef-beeb-d6671697400e: The system cannot find the file specified. (0x2)
00000913	1269.30590820	[5352] [0902/040907.452:ERROR:third_party\crashpad\crashpad\util\file\filesystem_win.cc:128] GetFileAttributes C:\Users\Nabeel Hyder\AppData\Local\Google\Chrome\User Data\Crashpad\attachments\c18a55a2-676d-4e5a-9851-00c8e84d51f6: The system cannot find the file specified. (0x2)
00000914	1269.30627441	[5352] [0902/040907.453:ERROR:third_party\crashpad\crashpad\util\file\filesystem_win.cc:128] GetFileAttributes C:\Users\Nabeel Hyder\AppData\Local\Google\Chrome\User Data\Crashpad\attachments\166888ed-e277-4b6c-b0d6-3f73061348e2: The system cannot find the file specified. (0x2)
00000915	1269.30651855	[5352] [0902/040907.453:ERROR:third_party\crashpad\crashpad\util\file\filesystem_win.cc:128] GetFileAttributes C:\Users\Nabeel Hyder\AppData\Local\Google\Chrome\User Data\Crashpad\attachments\9c225e80-5047-4141-adf9-9c0c1eabf2e2: The system cannot find the file specified. (0x2)
00000916	1269.30700684	[5352] [0902/040907.453:ERROR:third_party\crashpad\crashpad\util\file\filesystem_win.cc:128] GetFileAttributes C:\Users\Nabeel Hyder\AppData\Local\Google\Chrome\User Data\Crashpad\attachments\83826cfb-7a9a-4b77-a5a5-7835eaf63789: The system cannot find the file specified. (0x2)
00000917	1269.30725098	[5352] [0902/040907.454:ERROR:third_party\crashpad\crashpad\util\file\filesystem_win.cc:128] GetFileAttributes C:\Users\Nabeel Hyder\AppData\Local\Google\Chrome\User Data\Crashpad\attachments\50d4614a-f58b-488e-9b68-936c74ac4132: The system cannot find the file specified. (0x2)
00000918	1269.30773926	[5352] [0902/040907.454:ERROR:third_party\crashpad\crashpad\util\file\filesystem_win.cc:128] GetFileAttributes C:\Users\Nabeel Hyder\AppData\Local\Google\Chrome\User Data\Crashpad\attachments\e74e799e-2919-4b23-897c-4610fda6857b: The system cannot find the file specified. (0x2)
00000919	1269.30798340	[5352] [0902/040907.454:ERROR:third_party\crashpad\crashpad\util\file\filesystem_win.cc:128] GetFileAttributes C:\Users\Nabeel Hyder\AppData\Local\Google\Chrome\User Data\Crashpad\attachments\a3d408f8-4de9-4d67-ac39-725110f5083d: The system cannot find the file specified. (0x2)
00000920	1269.30847168	[5352] [0902/040907.455:ERROR:third_party\crashpad\crashpad\util\file\filesystem_win.cc:128] GetFileAttributes C:\Users\Nabeel Hyder\AppData\Local\Google\Chrome\User Data\Crashpad\attachments\96ce90f7-448f-4f01-989a-0f2682ecbaa5: The system cannot find the file specified. (0x2)
00000921	1269.30883789	[5352] [0902/040907.455:ERROR:third_party\crashpad\crashpad\util\file\filesystem_win.cc:128] GetFileAttributes C:\Users\Nabeel Hyder\AppData\Local\Google\Chrome\User Data\Crashpad\attachments\d7330213-7728-4013-bdad-0b422ffdace8: The system cannot find the file specified. (0x2)
00000922	1269.31030273	[5352] [0902/040907.456:ERROR:third_party\crashpad\crashpad\util\file\filesystem_win.cc:128] GetFileAttributes C:\Users\Nabeel Hyder\AppData\Local\Google\Chrome\User Data\Crashpad\attachments\d0e09ec7-f808-422c-adb1-626d28cbe041: The system cannot find the file specified. (0x2)
00000923	1269.31066895	[5352] [0902/040907.456:ERROR:third_party\crashpad\crashpad\util\file\filesystem_win.cc:128] GetFileAttributes C:\Users\Nabeel Hyder\AppData\Local\Google\Chrome\User Data\Crashpad\attachments\41e8aa24-8237-4ff7-887b-1f792d137833: The system cannot find the file specified. (0x2)
00000924	1269.31103516	[5352] [0902/040907.457:ERROR:third_party\crashpad\crashpad\util\file\filesystem_win.cc:128] GetFileAttributes C:\Users\Nabeel Hyder\AppData\Local\Google\Chrome\User Data\Crashpad\attachments\2fe245fb-15f0-4bf2-a3d4-0a30503a5a91: The system cannot find the file specified. (0x2)
00000925	1269.31115723	[5352] [0902/040907.457:ERROR:third_party\crashpad\crashpad\util\file\filesystem_win.cc:128] GetFileAttributes C:\Users\Nabeel Hyder\AppData\Local\Google\Chrome\User Data\Crashpad\attachments\d30e0c4e-9d54-4884-aef3-de7316db4980: The system cannot find the file specified. (0x2)
00000926	1269.31152344	[5352] [0902/040907.457:ERROR:third_party\crashpad\crashpad\util\file\filesystem_win.cc:128] GetFileAttributes C:\Users\Nabeel Hyder\AppData\Local\Google\Chrome\User Data\Crashpad\attachments\878faa28-a516-49f4-9345-ce3748e2aa33: The system cannot find the file specified. (0x2)
00000927	1269.31176758	[5352] [0902/040907.457:ERROR:third_party\crashpad\crashpad\util\file\filesystem_win.cc:128] GetFileAttributes C:\Users\Nabeel Hyder\AppData\Local\Google\Chrome\User Data\Crashpad\attachments\4a565322-64c4-45f5-a541-1bca66cc06a9: The system cannot find the file specified. (0x2)
00000928	1269.31201172	[5352] [0902/040907.458:ERROR:third_party\crashpad\crashpad\util\file\filesystem_win.cc:128] GetFileAttributes C:\Users\Nabeel Hyder\AppData\Local\Google\Chrome\User Data\Crashpad\attachments\8f80ae41-f29e-4482-afc8-d969e3251ae0: The system cannot find the file specified. (0x2)
00000929	1269.31225586	[5352] [0902/040907.458:ERROR:third_party\crashpad\crashpad\util\file\filesystem_win.cc:128] GetFileAttributes C:\Users\Nabeel Hyder\AppData\Local\Google\Chrome\User Data\Crashpad\attachments\ec52ba14-278d-4c97-a642-c0f16b13e0b1: The system cannot find the file specified. (0x2)
00000930	1269.31262207	[5352] [0902/040907.458:ERROR:third_party\crashpad\crashpad\util\file\filesystem_win.cc:128] GetFileAttributes C:\Users\Nabeel Hyder\AppData\Local\Google\Chrome\User Data\Crashpad\attachments\f668953a-f1b5-484d-b284-d1e1d2918a5c: The system cannot find the file specified. (0x2)
00000931	1269.31286621	[5352] [0902/040907.459:ERROR:third_party\crashpad\crashpad\util\file\filesystem_win.cc:128] GetFileAttributes C:\Users\Nabeel Hyder\AppData\Local\Google\Chrome\User Data\Crashpad\attachments\9a83993e-6d5b-426f-9e9c-21a4b3e93b14: The system cannot find the file specified. (0x2)
00000932	1269.31311035	[5352] [0902/040907.459:ERROR:third_party\crashpad\crashpad\util\file\filesystem_win.cc:128] GetFileAttributes C:\Users\Nabeel Hyder\AppData\Local\Google\Chrome\User Data\Crashpad\attachments\d807bece-f457-4f5e-ba39-a74cc943d24c: The system cannot find the file specified. (0x2)
00000933	1269.31347656	[5352] [0902/040907.459:ERROR:third_party\crashpad\crashpad\util\file\filesystem_win.cc:128] GetFileAttributes C:\Users\Nabeel Hyder\AppData\Local\Google\Chrome\User Data\Crashpad\attachments\e5c1b33c-5722-4ef8-aa8f-6ceed48cdbd8: The system cannot find the file specified. (0x2)
00000934	1269.31372070	[5352] [0902/040907.459:ERROR:third_party\crashpad\crashpad\util\file\filesystem_win.cc:128] GetFileAttributes C:\Users\Nabeel Hyder\AppData\Local\Google\Chrome\User Data\Crashpad\attachments\025a4e0d-a85f-4ee1-8445-f37eb1913183: The system cannot find the file specified. (0x2)
00000935	1269.31396484	[5352] [0902/040907.460:ERROR:third_party\crashpad\crashpad\util\file\filesystem_win.cc:128] GetFileAttributes C:\Users\Nabeel Hyder\AppData\Local\Google\Chrome\User Data\Crashpad\attachments\93c9970b-beef-43f8-b8e8-3c66a5396f8d: The system cannot find the file specified. (0x2)
00000936	1269.31420898	[5352] [0902/040907.460:ERROR:third_party\crashpad\crashpad\util\file\filesystem_win.cc:128] GetFileAttributes C:\Users\Nabeel Hyder\AppData\Local\Google\Chrome\User Data\Crashpad\attachments\963149ec-8e73-4360-9677-ed302b3f71b4: The system cannot find the file specified. (0x2)
00000937	1269.31445313	[5352] [0902/040907.460:ERROR:third_party\crashpad\crashpad\util\file\filesystem_win.cc:128] GetFileAttributes C:\Users\Nabeel Hyder\AppData\Local\Google\Chrome\User Data\Crashpad\attachments\9b76d7ab-9384-40ec-ba1b-c9eb7cc4e2cf: The system cannot find the file specified. (0x2)
00000938	1269.31481934	[5352] [0902/040907.460:ERROR:third_party\crashpad\crashpad\util\file\filesystem_win.cc:128] GetFileAttributes C:\Users\Nabeel Hyder\AppData\Local\Google\Chrome\User Data\Crashpad\attachments\5d8f14d4-b507-4615-98c6-3f34139e6ed8: The system cannot find the file specified. (0x2)
00000939	1269.31494141	[5352] [0902/040907.461:ERROR:third_party\crashpad\crashpad\util\file\filesystem_win.cc:128] GetFileAttributes C:\Users\Nabeel Hyder\AppData\Local\Google\Chrome\User Data\Crashpad\attachments\05527b2f-39aa-4b42-97f4-1f9ad26909a3: The system cannot find the file specified. (0x2)
00000940	1269.31518555	[5352] [0902/040907.461:ERROR:third_party\crashpad\crashpad\util\file\filesystem_win.cc:128] GetFileAttributes C:\Users\Nabeel Hyder\AppData\Local\Google\Chrome\User Data\Crashpad\attachments\ce5849c0-ca00-4b3e-ad59-88b039787806: The system cannot find the file specified. (0x2)
00000941	1269.31542969	[5352] [0902/040907.461:ERROR:third_party\crashpad\crashpad\util\file\filesystem_win.cc:128] GetFileAttributes C:\Users\Nabeel Hyder\AppData\Local\Google\Chrome\User Data\Crashpad\attachments\44b893e8-7401-4e81-8c66-29bc0807d5f2: The system cannot find the file specified. (0x2)
00000942	1269.31555176	[5352] [0902/040907.461:ERROR:third_party\crashpad\crashpad\util\file\filesystem_win.cc:128] GetFileAttributes C:\Users\Nabeel Hyder\AppData\Local\Google\Chrome\User Data\Crashpad\attachments\eb239138-b512-446a-8067-5ee5d0ff4b57: The system cannot find the file specified. (0x2)
00000943	1269.31579590	[5352] [0902/040907.461:ERROR:third_party\crashpad\crashpad\util\file\filesystem_win.cc:128] GetFileAttributes C:\Users\Nabeel Hyder\AppData\Local\Google\Chrome\User Data\Crashpad\attachments\9c10b373-b4d3-4ea1-be12-0c4e4e5367a1: The system cannot find the file specified. (0x2)
00000944	1269.31604004	[5352] [0902/040907.462:ERROR:third_party\crashpad\crashpad\util\file\filesystem_win.cc:128] GetFileAttributes C:\Users\Nabeel Hyder\AppData\Local\Google\Chrome\User Data\Crashpad\attachments\5999d560-fd79-447e-86bd-8e1cbc603ee5: The system cannot find the file specified. (0x2)
00000945	1269.31616211	[5352] [0902/040907.462:ERROR:third_party\crashpad\crashpad\util\file\filesystem_win.cc:128] GetFileAttributes C:\Users\Nabeel Hyder\AppData\Local\Google\Chrome\User Data\Crashpad\attachments\652a85f5-6183-4e43-a53a-2a2ea36cb998: The system cannot find the file specified. (0x2)
00000946	1269.31640625	[5352] [0902/040907.462:ERROR:third_party\crashpad\crashpad\util\file\filesystem_win.cc:128] GetFileAttributes C:\Users\Nabeel Hyder\AppData\Local\Google\Chrome\User Data\Crashpad\attachments\edd2d3ad-b544-4770-805a-8636bef59914: The system cannot find the file specified. (0x2)
00000947	1269.31665039	[5352] [0902/040907.462:ERROR:third_party\crashpad\crashpad\util\file\filesystem_win.cc:128] GetFileAttributes C:\Users\Nabeel Hyder\AppData\Local\Google\Chrome\User Data\Crashpad\attachments\f0c45224-9289-4b8b-a568-9e0e21920d9b: The system cannot find the file specified. (0x2)
00000948	1269.31677246	[5352] [0902/040907.462:ERROR:third_party\crashpad\crashpad\util\file\filesystem_win.cc:128] GetFileAttributes C:\Users\Nabeel Hyder\AppData\Local\Google\Chrome\User Data\Crashpad\attachments\29d60fd4-fc12-4140-a368-b50bb1307092: The system cannot find the file specified. (0x2)
00000949	1269.31701660	[5352] [0902/040907.463:ERROR:third_party\crashpad\crashpad\util\file\filesystem_win.cc:128] GetFileAttributes C:\Users\Nabeel Hyder\AppData\Local\Google\Chrome\User Data\Crashpad\attachments\6985a85d-d16f-40ba-951a-e49febde8e92: The system cannot find the file specified. (0x2)
00000950	1269.31726074	[5352] [0902/040907.463:ERROR:third_party\crashpad\crashpad\util\file\filesystem_win.cc:128] GetFileAttributes C:\Users\Nabeel Hyder\AppData\Local\Google\Chrome\User Data\Crashpad\attachments\f2d5eccd-4e7b-46c7-8bac-fe198313684d: The system cannot find the file specified. (0x2)
00000951	1269.31738281	[5352] [0902/040907.463:ERROR:third_party\crashpad\crashpad\util\file\filesystem_win.cc:128] GetFileAttributes C:\Users\Nabeel Hyder\AppData\Local\Google\Chrome\User Data\Crashpad\attachments\8326449f-171f-4770-a623-75037f4a14cf: The system cannot find the file specified. (0x2)
00000952	1269.31762695	[5352] [0902/040907.463:ERROR:third_party\crashpad\crashpad\util\file\filesystem_win.cc:128] GetFileAttributes C:\Users\Nabeel Hyder\AppData\Local\Google\Chrome\User Data\Crashpad\attachments\bd6654db-5adf-4059-810f-791260298fb4: The system cannot find the file specified. (0x2)
00000953	1269.31774902	[5352] [0902/040907.463:ERROR:third_party\crashpad\crashpad\util\file\filesystem_win.cc:128] GetFileAttributes C:\Users\Nabeel Hyder\AppData\Local\Google\Chrome\User Data\Crashpad\attachments\8ba8991b-10f6-4a17-a9b7-fc93e726663b: The system cannot find the file specified. (0x2)
00000954	1269.31799316	[5352] [0902/040907.464:ERROR:third_party\crashpad\crashpad\util\file\filesystem_win.cc:128] GetFileAttributes C:\Users\Nabeel Hyder\AppData\Local\Google\Chrome\User Data\Crashpad\attachments\be28597e-4cfa-46b5-9cea-02b7275abe69: The system cannot find the file specified. (0x2)
00000955	1269.31811523	[5352] [0902/040907.464:ERROR:third_party\crashpad\crashpad\util\file\filesystem_win.cc:128] GetFileAttributes C:\Users\Nabeel Hyder\AppData\Local\Google\Chrome\User Data\Crashpad\attachments\7fdd287a-22fc-4f7a-8bed-2e20385a1768: The system cannot find the file specified. (0x2)
00000956	1269.31835938	[5352] [0902/040907.464:ERROR:third_party\crashpad\crashpad\util\file\filesystem_win.cc:128] GetFileAttributes C:\Users\Nabeel Hyder\AppData\Local\Google\Chrome\User Data\Crashpad\attachments\924c3592-cbd7-405b-82d5-2462b0a9f364: The system cannot find the file specified. (0x2)
00000957	1269.31860352	[5352] [0902/040907.464:ERROR:third_party\crashpad\crashpad\util\file\filesystem_win.cc:128] GetFileAttributes C:\Users\Nabeel Hyder\AppData\Local\Google\Chrome\User Data\Crashpad\attachments\0acb4699-fd87-4ee8-971f-fdefb41a9da5: The system cannot find the file specified. (0x2)
00000958	1269.31872559	[5352] [0902/040907.464:ERROR:third_party\crashpad\crashpad\util\file\filesystem_win.cc:128] GetFileAttributes C:\Users\Nabeel Hyder\AppData\Local\Google\Chrome\User Data\Crashpad\attachments\73d308e1-fe27-416b-b15f-27139f46366e: The system cannot find the file specified. (0x2)
00000959	1269.31896973	[5352] [0902/040907.465:ERROR:third_party\crashpad\crashpad\util\file\filesystem_win.cc:128] GetFileAttributes C:\Users\Nabeel Hyder\AppData\Local\Google\Chrome\User Data\Crashpad\attachments\72f3b11b-13bc-4077-9b8c-22d8b7d5f345: The system cannot find the file specified. (0x2)
00000960	1269.31921387	[5352] [0902/040907.465:ERROR:third_party\crashpad\crashpad\util\file\filesystem_win.cc:128] GetFileAttributes C:\Users\Nabeel Hyder\AppData\Local\Google\Chrome\User Data\Crashpad\attachments\c80085a8-5599-4bb7-917d-62b6c1cbdb0f: The system cannot find the file specified. (0x2)
00000961	1269.31921387	[5352] [0902/040907.465:ERROR:third_party\crashpad\crashpad\util\file\filesystem_win.cc:128] GetFileAttributes C:\Users\Nabeel Hyder\AppData\Local\Google\Chrome\User Data\Crashpad\attachments\ecd9309d-b980-42cd-80f4-0a7833a877d8: The system cannot find the file specified. (0x2)
00000962	1269.31945801	[5352] [0902/040907.465:ERROR:third_party\crashpad\crashpad\util\file\filesystem_win.cc:128] GetFileAttributes C:\Users\Nabeel Hyder\AppData\Local\Google\Chrome\User Data\Crashpad\attachments\71e5a214-0bdc-44ef-95d2-1e2da34df600: The system cannot find the file specified. (0x2)
00000963	1269.31970215	[5352] [0902/040907.465:ERROR:third_party\crashpad\crashpad\util\file\filesystem_win.cc:128] GetFileAttributes C:\Users\Nabeel Hyder\AppData\Local\Google\Chrome\User Data\Crashpad\attachments\4d951c7f-1e75-489d-a047-fd9e700c02d1: The system cannot find the file specified. (0x2)
00000964	1269.31982422	[5352] [0902/040907.466:ERROR:third_party\crashpad\crashpad\util\file\filesystem_win.cc:128] GetFileAttributes C:\Users\Nabeel Hyder\AppData\Local\Google\Chrome\User Data\Crashpad\attachments\2787069e-c400-4dfc-8a29-55125cc71c29: The system cannot find the file specified. (0x2)
00000965	1269.32006836	[5352] [0902/040907.466:ERROR:third_party\crashpad\crashpad\util\file\filesystem_win.cc:128] GetFileAttributes C:\Users\Nabeel Hyder\AppData\Local\Google\Chrome\User Data\Crashpad\attachments\be4bc3b4-c1a7-4710-9ace-686369ea4893: The system cannot find the file specified. (0x2)
00000966	1269.32019043	[5352] [0902/040907.466:ERROR:third_party\crashpad\crashpad\util\file\filesystem_win.cc:128] GetFileAttributes C:\Users\Nabeel Hyder\AppData\Local\Google\Chrome\User Data\Crashpad\attachments\210cd708-837a-48b3-acdc-d0c890dbc2dd: The system cannot find the file specified. (0x2)
00000967	1269.32043457	[5352] [0902/040907.466:ERROR:third_party\crashpad\crashpad\util\file\filesystem_win.cc:128] GetFileAttributes C:\Users\Nabeel Hyder\AppData\Local\Google\Chrome\User Data\Crashpad\attachments\c7b4cfa1-83e0-4a6c-814e-881680c7b319: The system cannot find the file specified. (0x2)
00000968	1269.32055664	[5352] [0902/040907.466:ERROR:third_party\crashpad\crashpad\util\file\filesystem_win.cc:128] GetFileAttributes C:\Users\Nabeel Hyder\AppData\Local\Google\Chrome\User Data\Crashpad\attachments\5958dcc9-c7ae-4157-b910-9cfebc868a5b: The system cannot find the file specified. (0x2)
00000969	1269.32080078	[5352] [0902/040907.467:ERROR:third_party\crashpad\crashpad\util\file\filesystem_win.cc:128] GetFileAttributes C:\Users\Nabeel Hyder\AppData\Local\Google\Chrome\User Data\Crashpad\attachments\f20b2b33-1061-4ae1-a19a-8e28c3263703: The system cannot find the file specified. (0x2)
00000970	1269.32104492	[5352] [0902/040907.467:ERROR:third_party\crashpad\crashpad\util\file\filesystem_win.cc:128] GetFileAttributes C:\Users\Nabeel Hyder\AppData\Local\Google\Chrome\User Data\Crashpad\attachments\8756d148-52f3-4770-925a-5f198b3a2d08: The system cannot find the file specified. (0x2)
00000971	1269.32116699	[5352] [0902/040907.467:ERROR:third_party\crashpad\crashpad\util\file\filesystem_win.cc:128] GetFileAttributes C:\Users\Nabeel Hyder\AppData\Local\Google\Chrome\User Data\Crashpad\attachments\fb9fd61b-0b0c-43fe-9b5e-8e507d9e4cd7: The system cannot find the file specified. (0x2)
00000972	1269.32141113	[5352] [0902/040907.467:ERROR:third_party\crashpad\crashpad\util\file\filesystem_win.cc:128] GetFileAttributes C:\Users\Nabeel Hyder\AppData\Local\Google\Chrome\User Data\Crashpad\attachments\4d2aa1ff-0c26-4d62-8848-aca6cf249137: The system cannot find the file specified. (0x2)
00000973	1269.32153320	[5352] [0902/040907.467:ERROR:third_party\crashpad\crashpad\util\file\filesystem_win.cc:128] GetFileAttributes C:\Users\Nabeel Hyder\AppData\Local\Google\Chrome\User Data\Crashpad\attachments\429cc8b9-2009-49b4-873c-883f89bad343: The system cannot find the file specified. (0x2)
00000974	1269.32177734	[5352] [0902/040907.467:ERROR:third_party\crashpad\crashpad\util\file\filesystem_win.cc:128] GetFileAttributes C:\Users\Nabeel Hyder\AppData\Local\Google\Chrome\User Data\Crashpad\attachments\d2123687-0cb3-4e86-86f1-f9fbf0498d54: The system cannot find the file specified. (0x2)
00000975	1269.32189941	[5352] [0902/040907.468:ERROR:third_party\crashpad\crashpad\util\file\filesystem_win.cc:128] GetFileAttributes C:\Users\Nabeel Hyder\AppData\Local\Google\Chrome\User Data\Crashpad\attachments\27e7d059-462b-43b9-8ef2-fb165823ea63: The system cannot find the file specified. (0x2)
00000976	1355.60351563	[35416] JsonRpc Information: 8 : 
00000977	1355.60424805	[35416] {"id":29,"method":"ExecuteQueryAsync"} 
00000978	1355.61743164	[35416] JsonRpc Information: 7 : 
00000979	1355.61743164	[35416] {"id":29} 
00000980	1355.61743164	[35416] JsonRpc Information: 11 : 
00000981	1355.61755371	[35416] Received result for request "29". 
00000982	1355.96643066	[25640] JsonRpc Warning: 5 : 
00000983	1355.96655273	[25640] No target methods are registered that match "NotificationReceived". 
00000984	1356.17993164	[25640] JsonRpc Warning: 5 : 
00000985	1356.18005371	[25640] No target methods are registered that match "NotificationReceived". 
00000986	1361.88317871	[5480] [0902/041040.029:ERROR:third_party\crashpad\crashpad\util\file\filesystem_win.cc:128] GetFileAttributes C:\Users\Nabeel Hyder\AppData\Roaming\Slack\Crashpad\attachments\e8e13665-f870-4681-91f6-02d7f6213223: The system cannot find the file specified. (0x2)
00000987	1361.88342285	[5480] [0902/041040.029:ERROR:third_party\crashpad\crashpad\util\file\filesystem_win.cc:128] GetFileAttributes C:\Users\Nabeel Hyder\AppData\Roaming\Slack\Crashpad\attachments\b54e1194-56b3-4958-a5b2-7aa5ae426859: The system cannot find the file specified. (0x2)
00000988	1374.21789551	[19392] [0902/041052.363:ERROR:third_party\crashpad\crashpad\util\file\filesystem_win.cc:128] GetFileAttributes C:\Users\Nabeel Hyder\AppData\Local\Packages\OpenAI.ChatGPT-Desktop_2p2nqsd0c76g0\LocalCache\Roaming\ChatGPT\Crashpad\attachments\7982f324-067c-492a-955d-6619cabb6564: The system cannot find the file specified. (0x2)
00000989	1374.21850586	[19392] [0902/041052.364:ERROR:third_party\crashpad\crashpad\util\file\filesystem_win.cc:128] GetFileAttributes C:\Users\Nabeel Hyder\AppData\Local\Packages\OpenAI.ChatGPT-Desktop_2p2nqsd0c76g0\LocalCache\Roaming\ChatGPT\Crashpad\attachments\ce21149c-d346-4dcc-a108-d8eacba4e22c: The system cannot find the file specified. (0x2)
00000990	1390.31042480	[35416] JsonRpc Information: 8 : 
00000991	1390.31115723	[35416] {"id":30,"method":"ExecuteQueryAsync"} 
00000992	1390.31250000	[35416] JsonRpc Information: 7 : 
00000993	1390.31262207	[35416] {"id":30} 
00000994	1390.31286621	[35416] JsonRpc Information: 11 : 
00000995	1390.31298828	[35416] Received result for request "30". 
00000996	1393.39013672	[35416] JsonRpc Information: 8 : 
00000997	1393.39013672	[35416] {"id":31,"method":"ExecuteQueryAsync"} 
00000998	1393.39599609	[35416] JsonRpc Information: 7 : 
00000999	1393.39611816	[35416] {"id":31} 
00001000	1393.39624023	[35416] JsonRpc Information: 11 : 
00001001	1393.39636230	[35416] Received result for request "31". 
00001002	1393.51049805	[25640] JsonRpc Warning: 5 : 
00001003	1393.51062012	[25640] No target methods are registered that match "NotificationReceived". 
00001004	1393.67468262	[25640] JsonRpc Warning: 5 : 
00001005	1393.67480469	[25640] No target methods are registered that match "NotificationReceived". 
00001006	1394.50109863	[35416] JsonRpc Information: 8 : 
00001007	1394.50109863	[35416] {"id":32,"method":"ExecuteQueryAsync"} 
00001008	1394.50598145	[35416] JsonRpc Information: 7 : 
00001009	1394.50610352	[35416] {"id":32} 
00001010	1394.50622559	[35416] JsonRpc Information: 11 : 
00001011	1394.50634766	[35416] Received result for request "32". 
00001012	1394.52246094	[35416] JsonRpc Information: 8 : 
00001013	1394.52258301	[35416] {"id":33,"method":"ExecuteRemoteExecutableAsync"} 
00001014	1394.77612305	[35416] JsonRpc Information: 7 : 
00001015	1394.77612305	[35416] {"id":33} 
00001016	1394.77819824	[35416] JsonRpc Information: 11 : 
00001017	1394.77832031	[35416] Received result for request "33". 
00001018	1394.77954102	[35416] JsonRpc Information: 8 : 
00001019	1394.77966309	[35416] {"id":34,"method":"ExecuteRemoteExecutableAsync"} 
00001020	1394.78588867	[35416] JsonRpc Information: 7 : 
00001021	1394.78601074	[35416] {"id":34} 
00001022	1394.78613281	[35416] JsonRpc Information: 11 : 
00001023	1394.78613281	[35416] Received result for request "34". 
00001024	1417.04895020	[35416] JsonRpc Warning: 5 : 
00001025	1417.04919434	[35416] No target methods are registered that match "NotificationReceived". 
00001026	1417.25476074	[35416] JsonRpc Warning: 5 : 
00001027	1417.25476074	[35416] No target methods are registered that match "NotificationReceived". 
00001028	1417.25500488	[35416] JsonRpc Warning: 5 : 
00001029	1417.25512695	[35416] No target methods are registered that match "NotificationReceived". 
00001030	1432.88623047	[35416] JsonRpc Warning: 5 : 
00001031	1432.88635254	[35416] No target methods are registered that match "NotificationReceived". 
00001032	1433.09155273	[35416] JsonRpc Warning: 5 : 
00001033	1433.09155273	[35416] No target methods are registered that match "NotificationReceived". 
00001034	1433.09179688	[35416] JsonRpc Warning: 5 : 
00001035	1433.09191895	[35416] No target methods are registered that match "NotificationReceived". 
00001036	1437.17810059	[25640] JsonRpc Warning: 5 : 
00001037	1437.17810059	[25640] No target methods are registered that match "NotificationReceived". 
00001038	1442.97875977	[19760] RecursiveDirectoryCreate( C:\Users\Nabeel Hyder\AppData\Local\Microsoft\VisualStudio\WebView2Cache\0000\EBWebView directory exists )
00001039	1444.20629883	[35416] JsonRpc Warning: 5 : 
00001040	1444.20629883	[35416] No target methods are registered that match "NotificationReceived". 
00001041	1445.77221680	[35416] JsonRpc Warning: 5 : 
00001042	1445.77270508	[35416] No target methods are registered that match "NotificationReceived". 
00001043	1445.77319336	[35416] JsonRpc Warning: 5 : 
00001044	1445.77355957	[35416] No target methods are registered that match "NotificationReceived". 
00001045	1460.04260254	[35416] JsonRpc Warning: 5 : 
00001046	1460.04284668	[35416] No target methods are registered that match "NotificationReceived". 
00001047	1499.40563965	[35416] JsonRpc Warning: 5 : 
00001048	1499.40576172	[35416] No target methods are registered that match "NotificationReceived". 
00001049	1499.40625000	[35416] JsonRpc Warning: 5 : 
00001050	1499.40649414	[35416] No target methods are registered that match "NotificationReceived". 
00001051	1499.40661621	[35416] JsonRpc Warning: 5 : 
00001052	1499.40673828	[35416] No target methods are registered that match "NotificationReceived". 
00001053	1515.53161621	[25640] JsonRpc Warning: 5 : 
00001054	1515.53173828	[25640] No target methods are registered that match "NotificationReceived". 
00001055	1515.53210449	[25640] JsonRpc Warning: 5 : 
00001056	1515.53210449	[25640] No target methods are registered that match "NotificationReceived". 
00001057	1515.53234863	[25640] JsonRpc Warning: 5 : 
00001058	1515.53234863	[25640] No target methods are registered that match "NotificationReceived". 
00001059	1515.53247070	[25640] JsonRpc Warning: 5 : 
00001060	1515.53247070	[25640] No target methods are registered that match "NotificationReceived". 
00001061	1515.53295898	[25640] JsonRpc Warning: 5 : 
00001062	1515.53295898	[25640] No target methods are registered that match "NotificationReceived". 
00001063	1515.53320313	[25640] JsonRpc Warning: 5 : 
00001064	1515.53332520	[25640] No target methods are registered that match "NotificationReceived". 
00001065	1515.53344727	[25640] JsonRpc Warning: 5 : 
00001066	1515.53356934	[25640] No target methods are registered that match "NotificationReceived". 
00001067	1516.17590332	[25640] Conversations Information: 0 : 
00001068	1516.17602539	[25640] Active solution path changed to  
00001069	1516.18359375	[25640] Conversations Information: 0 : 
00001070	1516.18359375	[25640] MCP sources changed 
00001071	1516.18554688	[25640] Conversations Information: 0 : 
00001072	1516.18554688	[25640] Found 0 MCP server(s) defined in "C:\Users\Nabeel Hyder\.mcp.json":  
00001073	1517.92565918	[35416] Performance warning: String load failed. Pkg:{871D2A70-12A2-4E42-9440-425DD92A4116} (FSharpPackage) LANG:0409 ID:6001 
00001074	1517.95715332	[35416] Performance warning: String load failed. Pkg:{871D2A70-12A2-4E42-9440-425DD92A4116} (FSharpPackage) LANG:0409 ID:101 
00001075	1517.95971680	[35416] Performance warning: String load failed. Pkg:{AD257DB7-4B2A-4014-854C-710DF52FB056} (IntelliCodeSuggestionToolWindowPackage) LANG:0409 ID:200 
00001076	1518.09521484	[35416] JsonRpc Information: 7 : 
00001077	1518.09533691	[35416] {"id":null,"method":"$/invokeProxy/0/dispose"} 
00001078	1518.09545898	[35416] JsonRpc Information: 6 : 
00001079	1518.09545898	[35416] Received notification for method "$/invokeProxy/0/dispose". 
00001080	1518.09558105	[35416] JsonRpc Information: 9 : 
00001081	1518.09558105	[35416] Invoking System.IDisposable.Dispose() 
00001082	1518.09680176	[35416] JsonRpc Information: 7 : 
00001083	1518.09692383	[35416] {"id":null,"method":"$/releaseMarshaledObject"} 
00001084	1518.09704590	[35416] JsonRpc Information: 6 : 
00001085	1518.09704590	[35416] Received notification for method "$/releaseMarshaledObject". 
00001086	1518.09704590	[35416] JsonRpc Information: 9 : 
00001087	1518.09887695	[35416] Invoking StreamJsonRpc.Reflection.MessageFormatterRpcMarshaledContextTracker.ReleaseMarshaledObject(Int64, Boolean) 
00001088	1518.09973145	[35416] JsonRpc Information: 13 : 
00001089	1518.10168457	[35416] Connection closing (RemotePartyTerminated: Reached end of stream.).  
00001090	1518.43835449	[35416] RemoteCommandsLog Information: 0 : 
00001091	1518.43847656	[35416] Setting visibility state of container 'Microsoft.CodeAnalysis.Editor.TypeScript.Features.CommandMenu.TypeScriptExtensionEntrypoint.TypeScriptMenu' to 'false' because it has no visible children. 
00001092	1523.71008301	[35092]  -> 2025-09-02-04.13.21.855-devenv-35092.tsv 
00001093	1524.73388672	[35092] UtilityServiceProfferPackage Information: 0 : 
00001094	1524.73400879	[35092] Triggering extensions changed notification with extensions:\n\n'AddedExtensions':
00001095	1524.73400879	[35092] Microsoft.VisualStudio.DebuggerVisualizers.Package
00001096	1524.73400879	[35092] 0b5e8ddb-f12d-4131-a71d-77acc26a798f
00001097	1524.73400879	[35092] Microsoft.Developer.IdentityServiceGS
00001098	1524.73400879	[35092] Microsoft.TypeScript.3D12078A-1A3F-4AFF-8B70-0037C0F580CD
00001099	1524.73400879	[35092] QodoGen.52e802ef-bcb1-477d-9177-105089dfea05
00001100	1524.73400879	[35092] 'RemovedExtensions':
00001101	1524.73400879	[35092]  
00001102	1524.74096680	[35092] RemoteCommandsLog Information: 0 : 
00001103	1524.74121094	[35092] Beginning to process Remote Command updates. 
00001104	1524.74401855	[35092] ExecuteSynchronously task continuation option has been passed but it is not supported by VS Task Library hence it is ignored. 
00001105	1524.75878906	[35092] RemoteCommandsLog Information: 0 : 
00001106	1524.75878906	[35092] Loading model for CommandSet 'Microsoft.CodeAnalysis.Editor.TypeScript.Features.CommandMenu.TypeScriptExtensionEntrypoint' 
00001107	1524.76391602	[35092] RemoteCommandsLog Information: 0 : 
00001108	1524.76416016	[35092] Microsoft.CodeAnalysis.Editor.TypeScript.Features.CommandMenu.CollectTSServerLogsCommand - Property 'IsEnabled' context rule changed state. IsActive: 'True' 
00001109	1524.76428223	[35092] RemoteCommandsLog Information: 0 : 
00001110	1524.76428223	[35092] Loading model for Command 'Microsoft.CodeAnalysis.Editor.TypeScript.Features.CommandMenu.CollectTSServerLogsCommand' 
00001111	1524.77502441	[35092] RemoteCommandsLog Information: 0 : 
00001112	1524.77514648	[35092] Microsoft.CodeAnalysis.Editor.TypeScript.Features.CommandMenu.CollectTSServerLogsCommand - Property 'IsSupported' context rule changed state. IsActive: 'True' 
00001113	1524.77563477	[35092] RemoteCommandsLog Information: 0 : 
00001114	1524.77563477	[35092] Processed CommandSetSectionMetadata 'Microsoft.CodeAnalysis.Editor.TypeScript.Features.CommandMenu.TypeScriptExtensionEntrypoint' in extension metadata 
00001115	1524.77978516	[35092] RemoteCommandsLog Information: 0 : 
00001116	1524.77978516	[35092] Loading model for CommandSet 'Microsoft.VisualStudio.LanguageServices.CSharpExtension' 
00001117	1524.78015137	[35092] RemoteCommandsLog Information: 0 : 
00001118	1524.78039551	[35092] Microsoft.VisualStudio.LanguageServices.CSharp.Interactive.OpenInteractiveWindowCommand - Property 'IsEnabled' context rule changed state. IsActive: 'True' 
00001119	1524.78039551	[35092] RemoteCommandsLog Information: 0 : 
00001120	1524.78051758	[35092] Loading model for Command 'Microsoft.VisualStudio.LanguageServices.CSharp.Interactive.OpenInteractiveWindowCommand' 
00001121	1524.78076172	[35092] RemoteCommandsLog Information: 0 : 
00001122	1524.78076172	[35092] Microsoft.VisualStudio.LanguageServices.CSharp.Interactive.OpenInteractiveWindowCommand - Property 'IsSupported' context rule changed state. IsActive: 'True' 
00001123	1524.78112793	[35092] RemoteCommandsLog Information: 0 : 
00001124	1524.78112793	[35092] Microsoft.VisualStudio.LanguageServices.CSharp.Interactive.ResetInteractiveWindowFromProjectCommand - Property 'IsEnabled' context rule changed state. IsActive: 'True' 
00001125	1524.78125000	[35092] RemoteCommandsLog Information: 0 : 
00001126	1524.78125000	[35092] Loading model for Command 'Microsoft.VisualStudio.LanguageServices.CSharp.Interactive.ResetInteractiveWindowFromProjectCommand' 
00001127	1524.78540039	[35092] RemoteCommandsLog Information: 0 : 
00001128	1524.78540039	[35092] Microsoft.VisualStudio.LanguageServices.CSharp.Interactive.ResetInteractiveWindowFromProjectCommand - Property 'IsSupported' context rule changed state. IsActive: 'False' 
00001129	1524.78613281	[35092] RemoteCommandsLog Information: 0 : 
00001130	1524.78613281	[35092] Microsoft.VisualStudio.LanguageServices.CSharp.OpenSemanticSearchWindowCommand - Property 'IsEnabled' context rule changed state. IsActive: 'True' 
00001131	1524.78613281	[35092] RemoteCommandsLog Information: 0 : 
00001132	1524.78613281	[35092] Loading model for Command 'Microsoft.VisualStudio.LanguageServices.CSharp.OpenSemanticSearchWindowCommand' 
00001133	1524.78710938	[35092] RemoteCommandsLog Information: 0 : 
00001134	1524.78710938	[35092] Microsoft.VisualStudio.LanguageServices.CSharp.OpenSemanticSearchWindowCommand - Property 'IsSupported' context rule changed state. IsActive: 'False' 
00001135	1524.78759766	[35092] RemoteCommandsLog Information: 0 : 
00001136	1524.78759766	[35092] Processed CommandSetSectionMetadata 'Microsoft.VisualStudio.LanguageServices.CSharpExtension' in extension metadata 
00001137	1524.78784180	[35092] RemoteCommandsLog Information: 0 : 
00001138	1524.78784180	[35092] Loading model for CommandSet 'Microsoft.Developer.IdentityService.RegisterVSCommand.ConexExtension' 
00001139	1524.78796387	[35092] RemoteCommandsLog Information: 0 : 
00001140	1524.78796387	[35092] Microsoft.Developer.IdentityService.RegisterVSCommand.RegisterVisualStudio - Property 'IsEnabled' context rule changed state. IsActive: 'True' 
00001141	1524.78808594	[35092] RemoteCommandsLog Information: 0 : 
00001142	1524.78808594	[35092] Loading model for Command 'Microsoft.Developer.IdentityService.RegisterVSCommand.RegisterVisualStudio' 
00001143	1524.78820801	[35092] RemoteCommandsLog Information: 0 : 
00001144	1524.78820801	[35092] Microsoft.Developer.IdentityService.RegisterVSCommand.RegisterVisualStudio - Property 'IsSupported' context rule changed state. IsActive: 'True' 
00001145	1524.78833008	[35092] RemoteCommandsLog Information: 0 : 
00001146	1524.78833008	[35092] Processed CommandSetSectionMetadata 'Microsoft.Developer.IdentityService.RegisterVSCommand.ConexExtension' in extension metadata 
00001147	1524.78857422	[35092] RemoteCommandsLog Information: 0 : 
00001148	1524.78857422	[35092] Loading model for CommandSet 'Microsoft.VisualStudio.DebuggerVisualizers.ExtensionProviders.ExtensionEntryPoint' 
00001149	1524.78857422	[35092] RemoteCommandsLog Information: 0 : 
00001150	1524.78857422	[35092] Processed CommandSetSectionMetadata 'Microsoft.VisualStudio.DebuggerVisualizers.ExtensionProviders.ExtensionEntryPoint' in extension metadata 
00001151	1524.78857422	[35092] RemoteCommandsLog Information: 0 : 
00001152	1524.78857422	[35092] Loading model for CommandSet 'QodoGenVS.ExtensionEntrypoint' 
00001153	1524.78869629	[35092] RemoteCommandsLog Information: 0 : 
00001154	1524.78869629	[35092] QodoGenVS.Settings.ChatPreferencesCommand - Property 'IsEnabled' context rule changed state. IsActive: 'True' 
00001155	1524.78881836	[35092] RemoteCommandsLog Information: 0 : 
00001156	1524.78881836	[35092] Loading model for Command 'QodoGenVS.Settings.ChatPreferencesCommand' 
00001157	1524.78894043	[35092] RemoteCommandsLog Information: 0 : 
00001158	1524.78894043	[35092] QodoGenVS.Settings.ChatPreferencesCommand - Property 'IsSupported' context rule changed state. IsActive: 'True' 
00001159	1524.78906250	[35092] RemoteCommandsLog Information: 0 : 
00001160	1524.78906250	[35092] QodoGenVS.QodoToolWindowCommand - Property 'IsEnabled' context rule changed state. IsActive: 'True' 
00001161	1524.78906250	[35092] RemoteCommandsLog Information: 0 : 
00001162	1524.78906250	[35092] Loading model for Command 'QodoGenVS.QodoToolWindowCommand' 
00001163	1524.78930664	[35092] RemoteCommandsLog Information: 0 : 
00001164	1524.78930664	[35092] QodoGenVS.QodoToolWindowCommand - Property 'IsSupported' context rule changed state. IsActive: 'True' 
00001165	1524.78955078	[35092] RemoteCommandsLog Information: 0 : 
00001166	1524.78955078	[35092] QodoGenVS.Settings.UserSettingsDialogCommand - Property 'IsEnabled' context rule changed state. IsActive: 'True' 
00001167	1524.78967285	[35092] RemoteCommandsLog Information: 0 : 
00001168	1524.78979492	[35092] Loading model for Command 'QodoGenVS.Settings.UserSettingsDialogCommand' 
00001169	1524.78991699	[35092] RemoteCommandsLog Information: 0 : 
00001170	1524.78991699	[35092] QodoGenVS.Settings.UserSettingsDialogCommand - Property 'IsSupported' context rule changed state. IsActive: 'True' 
00001171	1524.79003906	[35092] RemoteCommandsLog Information: 0 : 
00001172	1524.79003906	[35092] Processed CommandSetSectionMetadata 'QodoGenVS.ExtensionEntrypoint' in extension metadata 
00001173	1524.79235840	[35092] RemoteCommandsLog Information: 0 : 
00001174	1524.79235840	[35092] Loading model for Menu 'Microsoft.CodeAnalysis.Editor.TypeScript.Features.CommandMenu.TypeScriptExtensionEntrypoint.TypeScriptMenu' 
00001175	1524.79260254	[35092] RemoteCommandsLog Information: 0 : 
00001176	1524.79260254	[35092] Processed ControlContainerSectionMetadata 'Microsoft.CodeAnalysis.Editor.TypeScript.Features.CommandMenu.TypeScriptExtensionEntrypoint.TypeScriptMenu' in extension metadata 
00001177	1524.79431152	[35092] RemoteCommandsLog Information: 0 : 
00001178	1524.79431152	[35092] Processed ControlGroupSectionMetadata 'Microsoft.CodeAnalysis.Editor.TypeScript.Features.CommandMenu.TypeScriptExtensionEntrypoint.Group' in extension metadata 
00001179	1524.79443359	[35092] RemoteCommandsLog Information: 0 : 
00001180	1524.79455566	[35092] Processed ControlGroupSectionMetadata 'Microsoft.CodeAnalysis.Editor.TypeScript.Features.CommandMenu.TypeScriptExtensionEntrypoint.TypeScriptMenu.DefaultGeneratedGroup0' in extension metadata 
00001181	1524.79455566	[35092] RemoteCommandsLog Information: 0 : 
00001182	1524.79467773	[35092] Processed ControlGroupSectionMetadata 'Microsoft.VisualStudio.LanguageServices.CSharpExtension.ProjectCommandGroupWithPlacement' in extension metadata 
00001183	1524.79943848	[35092] RemoteCommandsLog Information: 0 : 
00001184	1524.79956055	[35092] Parenting 'Microsoft.CodeAnalysis.Editor.TypeScript.Features.CommandMenu.TypeScriptExtensionEntrypoint.Group' to '{ 
00001185	1524.79956055	[35092]   "LegacyParentId": { 
00001186	1524.79956055	[35092]     "Guid": "d309f791-903f-11d0-9efc-00a0c911004f", 
00001187	1524.79956055	[35092]     "Id": 136 
00001188	1524.79956055	[35092]   }, 
00001189	1524.79956055	[35092]   "Priority": 38 
00001190	1524.79956055	[35092] }' in sectionMetadata from 'Microsoft.TypeScript.3D12078A-1A3F-4AFF-8B70-0037C0F580CD' 
00001191	1524.80029297	[35092] RemoteCommandsLog Information: 0 : 
00001192	1524.80041504	[35092] Processed ControlPlacementSectionMetadata 'Placement-320159979' in extension metadata 
00001193	1524.80163574	[35092] RemoteCommandsLog Information: 0 : 
00001194	1524.80175781	[35092] Parenting 'Microsoft.CodeAnalysis.Editor.TypeScript.Features.CommandMenu.TypeScriptExtensionEntrypoint.TypeScriptMenu' to '{ 
00001195	1524.80175781	[35092]   "ParentName": "Microsoft.CodeAnalysis.Editor.TypeScript.Features.CommandMenu.TypeScriptExtensionEntrypoint.Group", 
00001196	1524.80175781	[35092]   "RelativeDisplayOrder": 100 
00001197	1524.80175781	[35092] }' in sectionMetadata from 'Microsoft.TypeScript.3D12078A-1A3F-4AFF-8B70-0037C0F580CD' 
00001198	1524.80200195	[35092] RemoteCommandsLog Information: 0 : 
00001199	1524.80212402	[35092] Processed ControlPlacementSectionMetadata 'Placement-803069367' in extension metadata 
00001200	1524.80236816	[35092] RemoteCommandsLog Information: 0 : 
00001201	1524.80249023	[35092] Parenting 'Microsoft.CodeAnalysis.Editor.TypeScript.Features.CommandMenu.TypeScriptExtensionEntrypoint.TypeScriptMenu.DefaultGeneratedGroup0' to '{ 
00001202	1524.80249023	[35092]   "ParentName": "Microsoft.CodeAnalysis.Editor.TypeScript.Features.CommandMenu.TypeScriptExtensionEntrypoint.TypeScriptMenu", 
00001203	1524.80249023	[35092]   "RelativeDisplayOrder": 100 
00001204	1524.80249023	[35092] }' in sectionMetadata from 'Microsoft.TypeScript.3D12078A-1A3F-4AFF-8B70-0037C0F580CD' 
00001205	1524.80322266	[35092] RemoteCommandsLog Information: 0 : 
00001206	1524.80322266	[35092] Processed ControlPlacementSectionMetadata 'Placement-925367961' in extension metadata 
00001207	1524.80346680	[35092] RemoteCommandsLog Information: 0 : 
00001208	1524.80346680	[35092] Parenting 'Microsoft.CodeAnalysis.Editor.TypeScript.Features.CommandMenu.CollectTSServerLogsCommand' to '{ 
00001209	1524.80346680	[35092]   "ParentName": "Microsoft.CodeAnalysis.Editor.TypeScript.Features.CommandMenu.TypeScriptExtensionEntrypoint.TypeScriptMenu.DefaultGeneratedGroup0", 
00001210	1524.80346680	[35092]   "RelativeDisplayOrder": 100 
00001211	1524.80346680	[35092] }' in sectionMetadata from 'Microsoft.TypeScript.3D12078A-1A3F-4AFF-8B70-0037C0F580CD' 
00001212	1524.80407715	[35092] RemoteCommandsLog Information: 0 : 
00001213	1524.80419922	[35092] Processed ControlPlacementSectionMetadata 'Placement-1442778201' in extension metadata 
00001214	1524.80432129	[35092] RemoteCommandsLog Information: 0 : 
00001215	1524.80456543	[35092] Parenting 'Microsoft.VisualStudio.LanguageServices.CSharpExtension.ProjectCommandGroupWithPlacement' to '{ 
00001216	1524.80456543	[35092]   "LegacyParentId": { 
00001217	1524.80456543	[35092]     "Guid": "d309f791-903f-11d0-9efc-00a0c911004f", 
00001218	1524.80456543	[35092]     "Id": 1026 
00001219	1524.80456543	[35092]   }, 
00001220	1524.80456543	[35092]   "Priority": 1024 
00001221	1524.80456543	[35092] }' in sectionMetadata from '0b5e8ddb-f12d-4131-a71d-77acc26a798f' 
00001222	1524.80480957	[35092] RemoteCommandsLog Information: 0 : 
00001223	1524.80480957	[35092] Processed ControlPlacementSectionMetadata 'Placement-44180458' in extension metadata 
00001224	1524.80493164	[35092] RemoteCommandsLog Information: 0 : 
00001225	1524.80505371	[35092] Parenting 'Microsoft.VisualStudio.LanguageServices.CSharp.Interactive.ResetInteractiveWindowFromProjectCommand' to '{ 
00001226	1524.80505371	[35092]   "ParentName": "Microsoft.VisualStudio.LanguageServices.CSharpExtension.ProjectCommandGroupWithPlacement", 
00001227	1524.80505371	[35092]   "RelativeDisplayOrder": 100 
00001228	1524.80505371	[35092] }' in sectionMetadata from '0b5e8ddb-f12d-4131-a71d-77acc26a798f' 
00001229	1524.80517578	[35092] RemoteCommandsLog Information: 0 : 
00001230	1524.80517578	[35092] Processed ControlPlacementSectionMetadata 'Placement-551853664' in extension metadata 
00001231	1524.80529785	[35092] RemoteCommandsLog Information: 0 : 
00001232	1524.80529785	[35092] Parenting 'Microsoft.VisualStudio.LanguageServices.CSharp.Interactive.OpenInteractiveWindowCommand' to '{ 
00001233	1524.80529785	[35092]   "LegacyParentId": { 
00001234	1524.80529785	[35092]     "Guid": "d309f791-903f-11d0-9efc-00a0c911004f", 
00001235	1524.80529785	[35092]     "Id": 415 
00001236	1524.80529785	[35092]   }, 
00001237	1524.80529785	[35092]   "Priority": 32768 
00001238	1524.80529785	[35092] }' in sectionMetadata from '0b5e8ddb-f12d-4131-a71d-77acc26a798f' 
00001239	1524.80554199	[35092] RemoteCommandsLog Information: 0 : 
00001240	1524.80566406	[35092] Processed ControlPlacementSectionMetadata 'Placement-1325791883' in extension metadata 
00001241	1524.80566406	[35092] RemoteCommandsLog Information: 0 : 
00001242	1524.80578613	[35092] Parenting 'Microsoft.VisualStudio.LanguageServices.CSharp.OpenSemanticSearchWindowCommand' to '{ 
00001243	1524.80578613	[35092]   "LegacyParentId": { 
00001244	1524.80578613	[35092]     "Guid": "d309f791-903f-11d0-9efc-00a0c911004f", 
00001245	1524.80578613	[35092]     "Id": 415 
00001246	1524.80578613	[35092]   }, 
00001247	1524.80578613	[35092]   "Priority": 32784 
00001248	1524.80578613	[35092] }' in sectionMetadata from '0b5e8ddb-f12d-4131-a71d-77acc26a798f' 
00001249	1524.80578613	[35092] RemoteCommandsLog Information: 0 : 
00001250	1524.80578613	[35092] Processed ControlPlacementSectionMetadata 'Placement-1421693843' in extension metadata 
00001251	1524.80590820	[35092] RemoteCommandsLog Information: 0 : 
00001252	1524.80590820	[35092] Parenting 'Microsoft.Developer.IdentityService.RegisterVSCommand.RegisterVisualStudio' to '{ 
00001253	1524.80590820	[35092]   "LegacyParentId": { 
00001254	1524.80590820	[35092]     "Guid": "d309f791-903f-11d0-9efc-00a0c911004f", 
00001255	1524.80590820	[35092]     "Id": 363 
00001256	1524.80590820	[35092]   }, 
00001257	1524.80590820	[35092]   "Priority": 0 
00001258	1524.80590820	[35092] }' in sectionMetadata from 'Microsoft.Developer.IdentityServiceGS' 
00001259	1524.80590820	[35092] RemoteCommandsLog Information: 0 : 
00001260	1524.80590820	[35092] Processed ControlPlacementSectionMetadata 'Placement-118122622' in extension metadata 
00001261	1524.80603027	[35092] RemoteCommandsLog Information: 0 : 
00001262	1524.80603027	[35092] Parenting 'QodoGenVS.Settings.ChatPreferencesCommand' to '{ 
00001263	1524.80603027	[35092]   "LegacyParentId": { 
00001264	1524.80603027	[35092]     "Guid": "d309f791-903f-11d0-9efc-00a0c911004f", 
00001265	1524.80603027	[35092]     "Id": 24576 
00001266	1524.80603027	[35092]   }, 
00001267	1524.80603027	[35092]   "Priority": 0 
00001268	1524.80603027	[35092] }' in sectionMetadata from 'QodoGen.52e802ef-bcb1-477d-9177-105089dfea05' 
00001269	1524.80615234	[35092] RemoteCommandsLog Information: 0 : 
00001270	1524.80615234	[35092] Processed ControlPlacementSectionMetadata 'Placement-1094413988' in extension metadata 
00001271	1524.80615234	[35092] RemoteCommandsLog Information: 0 : 
00001272	1524.80615234	[35092] Parenting 'QodoGenVS.QodoToolWindowCommand' to '{ 
00001273	1524.80615234	[35092]   "LegacyParentId": { 
00001274	1524.80615234	[35092]     "Guid": "d309f791-903f-11d0-9efc-00a0c911004f", 
00001275	1524.80615234	[35092]     "Id": 24576 
00001276	1524.80615234	[35092]   }, 
00001277	1524.80615234	[35092]   "Priority": 0 
00001278	1524.80615234	[35092] }' in sectionMetadata from 'QodoGen.52e802ef-bcb1-477d-9177-105089dfea05' 
00001279	1524.80627441	[35092] RemoteCommandsLog Information: 0 : 
00001280	1524.80627441	[35092] Processed ControlPlacementSectionMetadata 'Placement-1382646284' in extension metadata 
00001281	1524.80627441	[35092] RemoteCommandsLog Information: 0 : 
00001282	1524.80639648	[35092] Parenting 'QodoGenVS.Settings.UserSettingsDialogCommand' to '{ 
00001283	1524.80639648	[35092]   "LegacyParentId": { 
00001284	1524.80639648	[35092]     "Guid": "d309f791-903f-11d0-9efc-00a0c911004f", 
00001285	1524.80639648	[35092]     "Id": 24576 
00001286	1524.80639648	[35092]   }, 
00001287	1524.80639648	[35092]   "Priority": 0 
00001288	1524.80639648	[35092] }' in sectionMetadata from 'QodoGen.52e802ef-bcb1-477d-9177-105089dfea05' 
00001289	1524.80639648	[35092] RemoteCommandsLog Information: 0 : 
00001290	1524.80651855	[35092] Processed ControlPlacementSectionMetadata 'Placement-1572442556' in extension metadata 
00001291	1524.80883789	[35092] RemoteCommandsLog Information: 0 : 
00001292	1524.80895996	[35092] Notifying command system of remote command updates. 2 legacy controls and 3 legacy groups need to be updated 
00001293	1524.80908203	[35092] RemoteCommandsLog Information: 0 : 
00001294	1524.80920410	[35092] Resetting '&Help' because its set of children has changed 
00001295	1524.80957031	[35092] RemoteCommandsLog Information: 0 : 
00001296	1524.80957031	[35092] Resetting 'E&xtensions' because its set of children has changed 
00001297	1524.81018066	[35092] RemoteCommandsLog Information: 0 : 
00001298	1524.81018066	[35092] Finished processing Remote Command updates. 
00001299	1525.19152832	[35092] ExecuteSynchronously task continuation option has been passed but it is not supported by VS Task Library hence it is ignored. 
00001300	1525.34521484	[35092] ExecuteSynchronously task continuation option has been passed but it is not supported by VS Task Library hence it is ignored. 
00001301	1530.59436035	[35092]  -> 2025-09-02-04.13.28.740-devenv-35092.tsv 
00001302	1531.16528320	[35092] ExecuteSynchronously task continuation option has been passed but it is not supported by VS Task Library hence it is ignored. 
00001303	1533.43322754	[35092] JsonRpc Warning: 5 : 
00001304	1533.43334961	[35092] No target methods are registered that match "EventReceived". 
00001305	1533.43359375	[35092] JsonRpc Warning: 5 : 
00001306	1533.43359375	[35092] No target methods are registered that match "EventReceived". 
00001307	1534.82116699	[20304] JsonRpc Warning: 5 : 
00001308	1534.82128906	[20304] No target methods are registered that match "initialized". 
00001309	1535.20776367	[20304] JsonRpc Warning: 5 : 
00001310	1535.20788574	[20304] No target methods are registered that match "NotificationReceived". 
00001311	1535.28857422	[20304] Conversations Information: 0 : 
00001312	1535.28881836	[20304] Enabling MCP feature 
00001313	1535.62792969	[20304] Conversations Information: 0 : 
00001314	1535.62792969	[20304] Active solution path changed to C:\Users\Nabeel Hyder\MegaWattLaserController\MegaWattLaserController\MegaWattLaserController.sln 
00001315	1535.76538086	[20304] Conversations Information: 0 : 
00001316	1535.76550293	[20304] MCP sources changed 
00001317	1535.90869141	[20304] Conversations Information: 0 : 
00001318	1535.90893555	[20304] Found 0 MCP server(s) defined in "C:\Users\Nabeel Hyder\MegaWattLaserController\MegaWattLaserController\.vs\mcp.json":  
00001319	1535.90917969	[20304] Conversations Information: 0 : 
00001320	1535.90930176	[20304] Found 0 MCP server(s) defined in "C:\Users\Nabeel Hyder\MegaWattLaserController\MegaWattLaserController\.vscode\mcp.json":  
00001321	1535.90966797	[20304] Conversations Information: 0 : 
00001322	1535.90966797	[20304] Found 0 MCP server(s) defined in "C:\Users\Nabeel Hyder\MegaWattLaserController\MegaWattLaserController\.mcp.json":  
00001323	1535.91040039	[20304] Conversations Information: 0 : 
00001324	1535.91088867	[20304] Found 0 MCP server(s) defined in "C:\Users\Nabeel Hyder\MegaWattLaserController\MegaWattLaserController\.cursor\mcp.json":  
00001325	1535.91113281	[20304] Conversations Information: 0 : 
00001326	1535.91125488	[20304] Found 0 MCP server(s) defined in "C:\Users\Nabeel Hyder\.mcp.json":  
00001327	1536.26086426	[20304] Conversations Information: 0 : 
00001328	1536.26086426	[20304] Out-of-process service (PID: 20304) finished initializing. 
00001329	1536.26794434	[20304] GitHubAPI Information: 0 : 
00001330	1536.26806641	[20304] Environment variable COPILOT_USE_DEFAULTPROXY found: False 
00001331	1536.27734375	[20304] CopilotAgents Information: 0 : 
00001332	1536.27734375	[20304] Environment variable COPILOT_USE_DEFAULTPROXY found: False 
00001333	1536.63500977	[35092] JsonRpc Warning: 5 : 
00001334	1536.63513184	[35092] No target methods are registered that match "NotificationReceived". 
00001335	1536.63586426	[35092] JsonRpc Warning: 5 : 
00001336	1536.63586426	[35092] No target methods are registered that match "NotificationReceived". 
00001337	1536.63610840	[35092] JsonRpc Warning: 5 : 
00001338	1536.63623047	[35092] No target methods are registered that match "NotificationReceived". 
00001339	1536.98669434	[35092] ExecuteSynchronously task continuation option has been passed but it is not supported by VS Task Library hence it is ignored. 
00001340	1538.17236328	[13968] ModelService Information: 0 : 
00001341	1538.17248535	[13968] Requesting model load on demand for all line-completion2. 
00001342	1538.17956543	[13968] ModelService Information: 0 : 
00001343	1538.17993164	[13968] Requesting model load for all line-completion2. 
00001344	1538.19311523	[13968] ModelService Information: 0 : 
00001345	1538.19323730	[13968] Loading model for all line-completion2 from c:\program files\microsoft visual studio\2022\community\common7\ide\extensions\microsoft\intellicode\BundledModels\all_line-completion2. 
00001346	1538.66027832	[35092] JsonRpc Warning: 5 : 
00001347	1538.66040039	[35092] No target methods are registered that match "NotificationReceived". 
00001348	1538.66125488	[35092] JsonRpc Warning: 5 : 
00001349	1538.66137695	[35092] No target methods are registered that match "NotificationReceived". 
00001350	1538.66174316	[35092] JsonRpc Warning: 5 : 
00001351	1538.66174316	[35092] No target methods are registered that match "NotificationReceived". 
00001352	1541.15673828	[35092] JsonRpc Warning: 5 : 
00001353	1541.15686035	[35092] No target methods are registered that match "NotificationReceived". 
00001354	1542.66333008	[35092] JsonRpc Warning: 5 : 
00001355	1542.66345215	[35092] No target methods are registered that match "NotificationReceived". 
00001356	1542.66381836	[35092] JsonRpc Warning: 5 : 
00001357	1542.66394043	[35092] No target methods are registered that match "NotificationReceived". 
00001358	1544.68176270	[35092] JsonRpc Warning: 5 : 
00001359	1544.68188477	[35092] No target methods are registered that match "NotificationReceived". 
00001360	1544.68200684	[35092] JsonRpc Warning: 5 : 
00001361	1544.68200684	[35092] No target methods are registered that match "NotificationReceived". 
00001362	1544.68273926	[35092] JsonRpc Warning: 5 : 
00001363	1544.68286133	[35092] No target methods are registered that match "NotificationReceived". 
00001364	1561.57373047	[35092] JsonRpc Warning: 5 : 
00001365	1561.57385254	[35092] No target methods are registered that match "NotificationReceived". 
00001366	1561.77844238	[35092] JsonRpc Warning: 5 : 
00001367	1561.77844238	[35092] No target methods are registered that match "NotificationReceived". 
00001368	1561.77856445	[35092] JsonRpc Warning: 5 : 
00001369	1561.77856445	[35092] No target methods are registered that match "NotificationReceived". 
00001370	1564.57556152	[35092] JsonRpc Warning: 5 : 
00001371	1564.57568359	[35092] No target methods are registered that match "NotificationReceived". 
00001372	1565.30383301	[32728] RecursiveDirectoryCreate( C:\Users\Nabeel Hyder\AppData\Local\Microsoft\VisualStudio\WebView2Cache\0000\EBWebView directory exists )
00001373	1566.57165527	[35092] JsonRpc Warning: 5 : 
00001374	1566.57177734	[35092] No target methods are registered that match "NotificationReceived". 
00001375	1566.57189941	[35092] JsonRpc Warning: 5 : 
00001376	1566.57202148	[35092] No target methods are registered that match "NotificationReceived". 
00001377	1572.27026367	[35092] JsonRpc Warning: 5 : 
00001378	1572.27026367	[35092] No target methods are registered that match "NotificationReceived". 
00001379	1574.69433594	[35092] JsonRpc Warning: 5 : 
00001380	1574.69445801	[35092] No target methods are registered that match "NotificationReceived". 
00001381	1584.39880371	[728] [0902/041422.542:ERROR:third_party\crashpad\crashpad\util\file\filesystem_win.cc:128] GetFileAttributes C:\Users\Nabeel Hyder\AppData\Local\Microsoft\Edge\User Data\Crashpad\attachments\f953e348-cc91-4787-9868-4bcd0ab8a8d8: The system cannot find the file specified. (0x2)
00001382	1584.39941406	[728] [0902/041422.542:ERROR:third_party\crashpad\crashpad\util\file\filesystem_win.cc:128] GetFileAttributes C:\Users\Nabeel Hyder\AppData\Local\Microsoft\Edge\User Data\Crashpad\attachments\b6cc1cfd-91fb-4cae-9ebb-ffc5e4d604ef: The system cannot find the file specified. (0x2)
00001383	1584.40002441	[728] [0902/041422.542:ERROR:third_party\crashpad\crashpad\util\file\filesystem_win.cc:128] GetFileAttributes C:\Users\Nabeel Hyder\AppData\Local\Microsoft\Edge\User Data\Crashpad\attachments\6ca1afb9-e9f8-4a13-8ea7-67b42f0652e9: The system cannot find the file specified. (0x2)
00001384	1584.43334961	[728] [0902/041422.575:ERROR:third_party\crashpad\crashpad\util\file\filesystem_win.cc:128] GetFileAttributes C:\Users\Nabeel Hyder\AppData\Local\Microsoft\Edge\User Data\Crashpad\attachments\f953e348-cc91-4787-9868-4bcd0ab8a8d8: The system cannot find the file specified. (0x2)
00001385	1584.43371582	[728] [0902/041422.575:ERROR:third_party\crashpad\crashpad\util\file\filesystem_win.cc:128] GetFileAttributes C:\Users\Nabeel Hyder\AppData\Local\Microsoft\Edge\User Data\Crashpad\attachments\b6cc1cfd-91fb-4cae-9ebb-ffc5e4d604ef: The system cannot find the file specified. (0x2)
00001386	1584.43408203	[728] [0902/041422.575:ERROR:third_party\crashpad\crashpad\util\file\filesystem_win.cc:128] GetFileAttributes C:\Users\Nabeel Hyder\AppData\Local\Microsoft\Edge\User Data\Crashpad\attachments\6ca1afb9-e9f8-4a13-8ea7-67b42f0652e9: The system cannot find the file specified. (0x2)
00001387	1584.43493652	[728] [0902/041422.575:ERROR:third_party\crashpad\crashpad\util\file\filesystem_win.cc:128] GetFileAttributes C:\Users\Nabeel Hyder\AppData\Local\Microsoft\Edge\User Data\Crashpad\attachments\f953e348-cc91-4787-9868-4bcd0ab8a8d8: The system cannot find the file specified. (0x2)
00001388	1584.43518066	[728] [0902/041422.575:ERROR:third_party\crashpad\crashpad\util\file\filesystem_win.cc:128] GetFileAttributes C:\Users\Nabeel Hyder\AppData\Local\Microsoft\Edge\User Data\Crashpad\attachments\b6cc1cfd-91fb-4cae-9ebb-ffc5e4d604ef: The system cannot find the file specified. (0x2)
00001389	1584.43554688	[728] [0902/041422.575:ERROR:third_party\crashpad\crashpad\util\file\filesystem_win.cc:128] GetFileAttributes C:\Users\Nabeel Hyder\AppData\Local\Microsoft\Edge\User Data\Crashpad\attachments\6ca1afb9-e9f8-4a13-8ea7-67b42f0652e9: The system cannot find the file specified. (0x2)
00001377	1644.09008789	[30508] RecursiveDirectoryCreate( C:\Users\Nabeel Hyder\AppData\Local\Microsoft\VisualStudio\WebView2Cache\0000\EBWebView directory exists )
00001378	1645.41308594	[35092] JsonRpc Warning: 5 : 
00001379	1645.41320801	[35092] No target methods are registered that match "NotificationReceived". 
00001380	1646.96362305	[35092] JsonRpc Warning: 5 : 
00001381	1646.96386719	[35092] No target methods are registered that match "NotificationReceived". 
00001382	1646.96411133	[35092] JsonRpc Warning: 5 : 
00001383	1646.96423340	[35092] No target methods are registered that match "NotificationReceived". 
00001384	1651.83496094	[35092] JsonRpc Warning: 5 : 
00001385	1651.83520508	[35092] No target methods are registered that match "NotificationReceived". 
00001386	1685.02929688	[33780] RecursiveDirectoryCreate( C:\Users\Nabeel Hyder\AppData\Local\Microsoft\VisualStudio\WebView2Cache\0000\EBWebView directory exists )
00001387	1686.39099121	[35092] JsonRpc Warning: 5 : 
00001388	1686.39099121	[35092] No target methods are registered that match "NotificationReceived". 
00001389	1687.94714355	[35092] JsonRpc Warning: 5 : 
00001390	1687.94726563	[35092] No target methods are registered that match "NotificationReceived". 
00001391	1687.94750977	[35092] JsonRpc Warning: 5 : 
00001392	1687.94763184	[35092] No target methods are registered that match "NotificationReceived". 
00001393	1692.48925781	[35092] JsonRpc Warning: 5 : 
00001394	1692.48962402	[35092] No target methods are registered that match "NotificationReceived". 
00001395	1696.91857910	[35092] JsonRpc Information: 3 : 
00001396	1696.91870117	[35092] Listening started. 
00001397	1696.96472168	[35092] JsonRpc Information: 8 : 
00001398	1696.96484375	[35092] {"id":2,"method":"RegisterTraceLogAsync"} 
00001399	1696.98791504	[35092] JsonRpc Information: 7 : 
00001400	1696.98803711	[35092] {"id":2} 
00001401	1696.99609375	[35092] JsonRpc Information: 11 : 
00001402	1696.99609375	[35092] Received result for request "2". 
00001403	1696.99804688	[35092] JsonRpc Information: 13 : 
00001404	1696.99804688	[35092] Connection closing (LocallyDisposed: Stream has been disposed).  
00001405	1697.01977539	[35092] JsonRpc Information: 0 : 
00001406	1697.01977539	[35092] Added local RPC method "CreateToolWindowAsync" -> Microsoft.VisualStudio.Extensibility.ToolWindows.Implementation.ToolWindowProvider.CreateToolWindowAsync(String, CancellationToken) (QodoGenVS.GeneratedToolWindowProvider) 
00001407	1697.01989746	[35092] JsonRpc Information: 0 : 
00001408	1697.02001953	[35092] Added local RPC method "GetTitleAsync" -> Microsoft.VisualStudio.Extensibility.ToolWindows.Implementation.ToolWindowProvider.GetTitleAsync(String, CancellationToken) (QodoGenVS.GeneratedToolWindowProvider) 
00001409	1697.02001953	[35092] JsonRpc Information: 0 : 
00001410	1697.02014160	[35092] Added local RPC method "OnShowAsync" -> Microsoft.VisualStudio.Extensibility.ToolWindows.Implementation.ToolWindowProvider.OnShowAsync(String, CancellationToken) (QodoGenVS.GeneratedToolWindowProvider) 
00001411	1697.02026367	[35092] JsonRpc Information: 0 : 
00001412	1697.02026367	[35092] Added local RPC method "OnHideAsync" -> Microsoft.VisualStudio.Extensibility.ToolWindows.Implementation.ToolWindowProvider.OnHideAsync(String, CancellationToken) (QodoGenVS.GeneratedToolWindowProvider) 
00001413	1697.02026367	[35092] JsonRpc Information: 0 : 
00001414	1697.02026367	[35092] Added local RPC method "SubscribeAsync" -> Microsoft.VisualStudio.Extensibility.ToolWindows.Implementation.ToolWindowProvider.SubscribeAsync(IObserver`1, CancellationToken) (QodoGenVS.GeneratedToolWindowProvider) 
00001415	1697.02026367	[35092] JsonRpc Information: 0 : 
00001416	1697.02038574	[35092] Added local RPC method "Dispose" -> Microsoft.VisualStudio.Extensibility.ExtensionPart.Dispose() (QodoGenVS.GeneratedToolWindowProvider) 
00001417	1697.02038574	[35092] JsonRpc Information: 0 : 
00001418	1697.02038574	[35092] Added local RPC method "CreateToolWindow" -> Microsoft.VisualStudio.Extensibility.ToolWindows.Implementation.ToolWindowProvider.CreateToolWindowAsync(String, CancellationToken) (QodoGenVS.GeneratedToolWindowProvider) 
00001419	1697.02050781	[35092] JsonRpc Information: 0 : 
00001420	1697.02050781	[35092] Added local RPC method "GetTitle" -> Microsoft.VisualStudio.Extensibility.ToolWindows.Implementation.ToolWindowProvider.GetTitleAsync(String, CancellationToken) (QodoGenVS.GeneratedToolWindowProvider) 
00001421	1697.02050781	[35092] JsonRpc Information: 0 : 
00001422	1697.02050781	[35092] Added local RPC method "OnShow" -> Microsoft.VisualStudio.Extensibility.ToolWindows.Implementation.ToolWindowProvider.OnShowAsync(String, CancellationToken) (QodoGenVS.GeneratedToolWindowProvider) 
00001423	1697.02062988	[35092] JsonRpc Information: 0 : 
00001424	1697.02075195	[35092] Added local RPC method "OnHide" -> Microsoft.VisualStudio.Extensibility.ToolWindows.Implementation.ToolWindowProvider.OnHideAsync(String, CancellationToken) (QodoGenVS.GeneratedToolWindowProvider) 
00001425	1697.02087402	[35092] JsonRpc Information: 0 : 
00001426	1697.02087402	[35092] Added local RPC method "Subscribe" -> Microsoft.VisualStudio.Extensibility.ToolWindows.Implementation.ToolWindowProvider.SubscribeAsync(IObserver`1, CancellationToken) (QodoGenVS.GeneratedToolWindowProvider) 
00001427	1697.02099609	[35092] JsonRpc Information: 3 : 
00001428	1697.02111816	[35092] Listening started. 
00001429	1697.04357910	[35092] JsonRpc Information: 7 : 
00001430	1697.04370117	[35092] {"id":2,"method":"SubscribeAsync"} 
00001431	1697.04370117	[35092] JsonRpc Information: 6 : 
00001432	1697.04370117	[35092] Received request "2" for method "SubscribeAsync". 
00001433	1697.04772949	[35092] JsonRpc Information: 9 : 
00001434	1697.04785156	[35092] Invoking Microsoft.VisualStudio.Extensibility.ToolWindows.Implementation.ToolWindowProvider.SubscribeAsync(IObserver`1, CancellationToken) 
00001435	1697.06420898	[35092] JsonRpc Information: 0 : 
00001436	1697.06433105	[35092] Added local RPC method "$/invokeProxy/0/dispose" -> System.IDisposable.Dispose() (Microsoft.VisualStudio.Extensibility.ToolWindows.Implementation.ToolWindowProvider+Unsubscriber) 
00001437	1697.06433105	[35092] JsonRpc Information: 8 : 
00001438	1697.06445313	[35092] {"id":2} 
00001439	1697.06665039	[35092] JsonRpc Information: 7 : 
00001440	1697.06665039	[35092] {"id":4,"method":"OnShowAsync"} 
00001441	1697.06665039	[35092] JsonRpc Information: 6 : 
00001442	1697.06665039	[35092] Received request "4" for method "OnShowAsync". 
00001443	1697.06677246	[35092] JsonRpc Information: 9 : 
00001444	1697.06677246	[35092] Invoking Microsoft.VisualStudio.Extensibility.ToolWindows.Implementation.ToolWindowProvider.OnShowAsync(String, CancellationToken) 
00001445	1697.06701660	[35092] JsonRpc Information: 7 : 
00001446	1697.06713867	[35092] {"id":3,"method":"CreateToolWindowAsync"} 
00001447	1697.06713867	[35092] JsonRpc Information: 6 : 
00001448	1697.06726074	[35092] Received request "3" for method "CreateToolWindowAsync". 
00001449	1697.06726074	[35092] JsonRpc Information: 9 : 
00001450	1697.06726074	[35092] Invoking Microsoft.VisualStudio.Extensibility.ToolWindows.Implementation.ToolWindowProvider.CreateToolWindowAsync(String, CancellationToken) 
00001451	1697.07409668	[35092] JsonRpc Information: 8 : 
00001452	1697.07409668	[35092] {"id":4} 
00001453	1697.14099121	[35092] JsonRpc Information: 0 : 
00001454	1697.14099121	[35092] Added local RPC method "$/invokeProxy/1/Dispose" -> System.IDisposable.Dispose() (Microsoft.VisualStudio.Extensibility.VSSdkCompatibility.WpfControlWrapper) 
00001455	1697.14111328	[35092] JsonRpc Information: 0 : 
00001456	1697.14111328	[35092] Added local RPC method "$/invokeProxy/1/3.GetGCHandleAsync" -> Microsoft.VisualStudio.RpcContracts.RemoteUI.ILocalControlWrapper.GetGCHandleAsync(CancellationToken) (Microsoft.VisualStudio.Extensibility.VSSdkCompatibility.WpfControlWrapper) 
00001457	1697.14111328	[35092] JsonRpc Information: 0 : 
00001458	1697.14111328	[35092] Added local RPC method "$/invokeProxy/1/3.Dispose" -> System.IDisposable.Dispose() (Microsoft.VisualStudio.Extensibility.VSSdkCompatibility.WpfControlWrapper) 
00001459	1697.14111328	[35092] JsonRpc Information: 0 : 
00001460	1697.14111328	[35092] Added local RPC method "$/invokeProxy/1/3.GetGCHandle" -> Microsoft.VisualStudio.RpcContracts.RemoteUI.ILocalControlWrapper.GetGCHandleAsync(CancellationToken) (Microsoft.VisualStudio.Extensibility.VSSdkCompatibility.WpfControlWrapper) 
00001461	1697.14123535	[35092] JsonRpc Information: 8 : 
00001462	1697.14123535	[35092] {"id":3} 
00001463	1697.14636230	[35092] JsonRpc Information: 7 : 
00001464	1697.14636230	[35092] {"id":5,"method":"GetTitleAsync"} 
00001465	1697.14648438	[35092] JsonRpc Information: 6 : 
00001466	1697.14648438	[35092] Received request "5" for method "GetTitleAsync". 
00001467	1697.14648438	[35092] JsonRpc Information: 9 : 
00001468	1697.14648438	[35092] Invoking Microsoft.VisualStudio.Extensibility.ToolWindows.Implementation.ToolWindowProvider.GetTitleAsync(String, CancellationToken) 
00001469	1697.14709473	[35092] JsonRpc Information: 8 : 
00001470	1697.14709473	[35092] {"id":5} 
00001471	1697.48681641	[35092] JsonRpc Information: 7 : 
00001472	1697.48693848	[35092] {"id":6,"method":"$/invokeProxy/1/3.GetGCHandleAsync"} 
00001473	1697.48693848	[35092] JsonRpc Information: 6 : 
00001474	1697.48706055	[35092] Received request "6" for method "$/invokeProxy/1/3.GetGCHandleAsync". 
00001475	1697.48730469	[35092] JsonRpc Information: 9 : 
00001476	1697.48803711	[35092] Invoking Microsoft.VisualStudio.RpcContracts.RemoteUI.ILocalControlWrapper.GetGCHandleAsync(CancellationToken) 
00001477	1697.49035645	[35092] JsonRpc Information: 8 : 
00001478	1697.49047852	[35092] {"id":6} 
00001479	1697.50451660	[35092] JsonRpc Information: 7 : 
00001480	1697.50451660	[35092] {"id":null,"method":"$/invokeProxy/1/Dispose"} 
00001481	1697.50463867	[35092] JsonRpc Information: 6 : 
00001482	1697.50476074	[35092] Received notification for method "$/invokeProxy/1/Dispose". 
00001483	1697.50476074	[35092] JsonRpc Information: 9 : 
00001484	1697.50512695	[35092] Invoking System.IDisposable.Dispose() 
00001485	1697.50524902	[35092] JsonRpc Information: 7 : 
00001486	1697.50524902	[35092] {"id":null,"method":"$/releaseMarshaledObject"} 
00001487	1697.50537109	[35092] JsonRpc Information: 6 : 
00001488	1697.50549316	[35092] Received notification for method "$/releaseMarshaledObject". 
00001489	1697.50561523	[35092] JsonRpc Information: 9 : 
00001490	1697.50561523	[35092] Invoking StreamJsonRpc.Reflection.MessageFormatterRpcMarshaledContextTracker.ReleaseMarshaledObject(Int64, Boolean) 
00001491	1697.57922363	[7020] RecursiveDirectoryCreate( C:\Users\Nabeel Hyder\AppData\Roaming\Qodo\QodoGen\EBWebView directory exists )
00001492	1699.05346680	[35092] JsonRpc Information: 3 : 
00001493	1699.05358887	[35092] Listening started. 
00001494	1699.05541992	[35092] JsonRpc Information: 8 : 
00001495	1699.05566406	[35092] {"id":2,"method":"ExecuteQueryAsync"} 
00001496	1699.05944824	[35092] JsonRpc Information: 7 : 
00001497	1699.05957031	[35092] {"id":2} 
00001498	1699.05957031	[35092] JsonRpc Information: 11 : 
00001499	1699.05969238	[35092] Received result for request "2". 
00001500	1699.06127930	[35092] JsonRpc Information: 8 : 
00001501	1699.06140137	[35092] {"id":3,"method":"ExecuteQueryAsync"} 
00001502	1699.06262207	[35092] JsonRpc Information: 7 : 
00001503	1699.06274414	[35092] {"id":3} 
00001504	1699.06677246	[35092] JsonRpc Information: 11 : 
00001505	1699.06689453	[35092] Received result for request "3". 
00001506	1699.08544922	[35092] JsonRpc Information: 8 : 
00001507	1699.08557129	[35092] {"id":4,"method":"ExecuteQueryAsync"} 
00001508	1699.08691406	[35092] JsonRpc Information: 7 : 
00001509	1699.08703613	[35092] {"id":4} 
00001510	1699.08703613	[35092] JsonRpc Information: 11 : 
00001511	1699.08703613	[35092] Received result for request "4". 
00001512	1699.08789063	[35092] JsonRpc Information: 8 : 
00001513	1699.08813477	[35092] {"id":5,"method":"ExecuteQueryAsync"} 
00001514	1699.08996582	[35092] JsonRpc Information: 7 : 
00001515	1699.08996582	[35092] {"id":5} 
00001516	1699.09008789	[35092] JsonRpc Information: 11 : 
00001517	1699.09020996	[35092] Received result for request "5". 
00001518	1699.09313965	[35092] JsonRpc Information: 8 : 
00001519	1699.09326172	[35092] {"id":6,"method":"ExecuteQueryAsync"} 
00001520	1699.09448242	[35092] JsonRpc Information: 7 : 
00001521	1699.09448242	[35092] {"id":6} 
00001522	1699.09460449	[35092] JsonRpc Information: 11 : 
00001523	1699.09460449	[35092] Received result for request "6". 
00001524	1699.20678711	[35092] JsonRpc Information: 8 : 
00001525	1699.21472168	[35092] {"id":7,"method":"ExecuteQueryAsync"} 
00001526	1699.21972656	[35092] JsonRpc Information: 7 : 
00001527	1699.22546387	[35092] {"id":7} 
00001528	1699.23046875	[35092] JsonRpc Information: 11 : 
00001529	1699.23681641	[35092] Received result for request "7". 
00001530	1699.45288086	[35092] JsonRpc Information: 8 : 
00001531	1699.45300293	[35092] {"id":8,"method":"ExecuteQueryAsync"} 
00001532	1699.47631836	[35092] JsonRpc Information: 8 : 
00001533	1699.47631836	[35092] {"id":9,"method":"ExecuteQueryAsync"} 
00001534	1699.47766113	[35092] JsonRpc Information: 8 : 
00001535	1699.47766113	[35092] {"id":10,"method":"ExecuteQueryAsync"} 
00001536	1699.47827148	[35092] JsonRpc Information: 8 : 
00001537	1699.47839355	[35092] {"id":11,"method":"ExecuteQueryAsync"} 
00001538	1699.48132324	[35092] JsonRpc Information: 7 : 
00001539	1699.48144531	[35092] {"id":8} 
00001540	1699.48156738	[35092] JsonRpc Information: 11 : 
00001541	1699.48168945	[35092] Received result for request "8". 
00001542	1699.48205566	[35092] JsonRpc Information: 7 : 
00001543	1699.48205566	[35092] {"id":9} 
00001544	1699.48217773	[35092] JsonRpc Information: 11 : 
00001545	1699.48229980	[35092] Received result for request "9". 
00001546	1699.48291016	[35092] JsonRpc Information: 7 : 
00001547	1699.48291016	[35092] {"id":11} 
00001548	1699.48315430	[35092] JsonRpc Information: 11 : 
00001549	1699.48327637	[35092] Received result for request "11". 
00001550	1699.48339844	[35092] JsonRpc Information: 7 : 
00001551	1699.48339844	[35092] {"id":10} 
00001552	1699.48352051	[35092] JsonRpc Information: 11 : 
00001553	1699.48352051	[35092] Received result for request "10". 
00001554	1699.54052734	[35092] JsonRpc Information: 3 : 
00001555	1699.54064941	[35092] Listening started. 
00001556	1699.54907227	[35092] JsonRpc Information: 8 : 
00001557	1699.54931641	[35092] {"id":2,"method":"GetOpenDocumentsAsync"} 
00001558	1699.55065918	[35092] JsonRpc Information: 8 : 
00001559	1699.55078125	[35092] {"id":3,"method":"GetOpenDocumentsAsync"} 
00001560	1699.55102539	[35092] JsonRpc Information: 8 : 
00001561	1699.55126953	[35092] {"id":4,"method":"GetOpenDocumentsAsync"} 
00001562	1699.55139160	[35092] JsonRpc Information: 8 : 
00001563	1699.55139160	[35092] {"id":5,"method":"GetOpenDocumentsAsync"} 
00001564	1699.58447266	[35092] JsonRpc Information: 7 : 
00001565	1699.58508301	[35092] {"id":2} 
00001566	1699.58569336	[35092] JsonRpc Information: 11 : 
00001567	1699.58630371	[35092] Received result for request "2". 
00001568	1699.68762207	[35092] JsonRpc Information: 8 : 
00001569	1699.69946289	[35092] {"id":6,"method":"InitializeDocumentAsync"} 
00001570	1699.70825195	[35092] JsonRpc Information: 7 : 
00001571	1699.70825195	[35092] {"id":3} 
00001572	1699.70837402	[35092] JsonRpc Information: 11 : 
00001573	1699.70837402	[35092] Received result for request "3". 
00001574	1699.70886230	[35092] JsonRpc Information: 8 : 
00001575	1699.70898438	[35092] {"id":7,"method":"InitializeDocumentAsync"} 
00001576	1699.72167969	[35092] JsonRpc Information: 7 : 
00001577	1699.72180176	[35092] {"id":4} 
00001578	1699.72180176	[35092] JsonRpc Information: 11 : 
00001579	1699.72180176	[35092] Received result for request "4". 
00001580	1699.72229004	[35092] JsonRpc Information: 8 : 
00001581	1699.72229004	[35092] {"id":8,"method":"InitializeDocumentAsync"} 
00001582	1699.73303223	[35092] JsonRpc Information: 7 : 
00001583	1699.73315430	[35092] {"id":5} 
00001584	1699.73315430	[35092] JsonRpc Information: 11 : 
00001585	1699.73315430	[35092] Received result for request "5". 
00001586	1699.73352051	[35092] JsonRpc Information: 8 : 
00001587	1699.73364258	[35092] {"id":9,"method":"InitializeDocumentAsync"} 
00001588	1699.74365234	[35092] ExecuteSynchronously task continuation option has been passed but it is not supported by VS Task Library hence it is ignored. 
00001589	1699.74951172	[35092] JsonRpc Information: 7 : 
00001590	1699.74951172	[35092] {"id":6} 
00001591	1699.74963379	[35092] JsonRpc Information: 11 : 
00001592	1699.74963379	[35092] Received result for request "6". 
00001593	1699.75048828	[35092] JsonRpc Information: 7 : 
00001594	1699.75061035	[35092] {"id":7} 
00001595	1699.75073242	[35092] JsonRpc Information: 11 : 
00001596	1699.75073242	[35092] Received result for request "7". 
00001597	1699.75085449	[35092] JsonRpc Information: 7 : 
00001598	1699.75085449	[35092] {"id":9} 
00001599	1699.75085449	[35092] JsonRpc Information: 11 : 
00001600	1699.75085449	[35092] Received result for request "9". 
00001601	1699.75109863	[35092] JsonRpc Information: 7 : 
00001602	1699.75122070	[35092] {"id":8} 
00001603	1699.75134277	[35092] JsonRpc Information: 11 : 
00001604	1699.75134277	[35092] Received result for request "8". 
00001605	1699.75952148	[35092] JsonRpc Information: 8 : 
00001606	1699.75964355	[35092] {"id":10,"method":"InitializeDocumentAsync"} 
00001607	1699.75988770	[35092] JsonRpc Information: 8 : 
00001608	1699.76000977	[35092] {"id":11,"method":"InitializeDocumentAsync"} 
00001609	1699.76013184	[35092] JsonRpc Information: 8 : 
00001610	1699.76025391	[35092] {"id":12,"method":"InitializeDocumentAsync"} 
00001611	1699.76037598	[35092] JsonRpc Information: 8 : 
00001612	1699.76049805	[35092] {"id":13,"method":"InitializeDocumentAsync"} 
00001613	1699.76904297	[35092] ExecuteSynchronously task continuation option has been passed but it is not supported by VS Task Library hence it is ignored. 
00001614	1699.77282715	[35092] JsonRpc Information: 7 : 
00001615	1699.77294922	[35092] {"id":10} 
00001616	1699.77294922	[35092] JsonRpc Information: 11 : 
00001617	1699.77307129	[35092] Received result for request "10". 
00001618	1699.77319336	[35092] JsonRpc Information: 8 : 
00001619	1699.77331543	[35092] {"id":14,"method":"InitializeDocumentAsync"} 
00001620	1699.77368164	[35092] JsonRpc Information: 7 : 
00001621	1699.77380371	[35092] {"id":13} 
00001622	1699.77380371	[35092] JsonRpc Information: 11 : 
00001623	1699.77404785	[35092] Received result for request "13". 
00001624	1699.77416992	[35092] JsonRpc Information: 7 : 
00001625	1699.77416992	[35092] {"id":11} 
00001626	1699.77429199	[35092] JsonRpc Information: 11 : 
00001627	1699.77441406	[35092] Received result for request "11". 
00001628	1699.77453613	[35092] JsonRpc Information: 7 : 
00001629	1699.77465820	[35092] {"id":12} 
00001630	1699.77478027	[35092] JsonRpc Information: 11 : 
00001631	1699.77490234	[35092] Received result for request "12". 
00001632	1699.78076172	[35092] ExecuteSynchronously task continuation option has been passed but it is not supported by VS Task Library hence it is ignored. 
00001633	1699.78552246	[35092] JsonRpc Information: 7 : 
00001634	1699.78564453	[35092] {"id":14} 
00001635	1699.78576660	[35092] JsonRpc Information: 11 : 
00001636	1699.78576660	[35092] Received result for request "14". 
00001637	1699.78649902	[35092] JsonRpc Information: 8 : 
00001638	1699.78662109	[35092] {"id":15,"method":"InitializeDocumentAsync"} 
00001639	1699.78698730	[35092] JsonRpc Information: 8 : 
00001640	1699.78710938	[20304] JsonRpc Warning: 5 : 
00001641	1699.78710938	[35092] {"id":16,"method":"InitializeDocumentAsync"} 
00001642	1699.78723145	[20304] No target methods are registered that match "NotificationReceived". 
00001643	1699.78735352	[35092] JsonRpc Information: 8 : 
00001644	1699.78735352	[35092] {"id":17,"method":"InitializeDocumentAsync"} 
00001645	1699.78808594	[35092] JsonRpc Information: 8 : 
00001646	1699.78833008	[35092] {"id":18,"method":"InitializeDocumentAsync"} 
00001647	1699.78930664	[35092] JsonRpc Information: 7 : 
00001648	1699.78942871	[35092] {"id":15} 
00001649	1699.78955078	[35092] JsonRpc Information: 11 : 
00001650	1699.78967285	[35092] Received result for request "15". 
00001651	1699.78967285	[35092] JsonRpc Information: 7 : 
00001652	1699.78967285	[35092] {"id":16} 
00001653	1699.78967285	[35092] JsonRpc Information: 11 : 
00001654	1699.78979492	[35092] Received result for request "16". 
00001655	1699.78991699	[35092] JsonRpc Information: 7 : 
00001656	1699.78991699	[35092] {"id":17} 
00001657	1699.79003906	[35092] JsonRpc Information: 11 : 
00001658	1699.79003906	[35092] Received result for request "17". 
00001659	1699.79565430	[35092] ExecuteSynchronously task continuation option has been passed but it is not supported by VS Task Library hence it is ignored. 
00001660	1699.79919434	[35092] JsonRpc Information: 7 : 
00001661	1699.79931641	[35092] {"id":18} 
00001662	1699.79943848	[35092] JsonRpc Information: 11 : 
00001663	1699.79943848	[35092] Received result for request "18". 
00001664	1699.79956055	[35092] JsonRpc Information: 8 : 
00001665	1699.79968262	[35092] {"id":19,"method":"InitializeDocumentAsync"} 
00001666	1699.79980469	[35092] JsonRpc Information: 8 : 
00001667	1699.79992676	[35092] {"id":20,"method":"InitializeDocumentAsync"} 
00001668	1699.80017090	[35092] JsonRpc Information: 8 : 
00001669	1699.80017090	[35092] {"id":21,"method":"InitializeDocumentAsync"} 
00001670	1699.80041504	[35092] JsonRpc Information: 8 : 
00001671	1699.80053711	[35092] {"id":22,"method":"InitializeDocumentAsync"} 
00001672	1699.80151367	[35092] JsonRpc Information: 7 : 
00001673	1699.80163574	[35092] {"id":19} 
00001674	1699.80163574	[35092] JsonRpc Information: 11 : 
00001675	1699.80175781	[35092] Received result for request "19". 
00001676	1699.80175781	[35092] JsonRpc Information: 7 : 
00001677	1699.80175781	[35092] {"id":20} 
00001678	1699.80187988	[35092] JsonRpc Information: 11 : 
00001679	1699.80187988	[35092] Received result for request "20". 
00001680	1699.80236816	[35092] JsonRpc Information: 7 : 
00001681	1699.80236816	[35092] {"id":21} 
00001682	1699.80236816	[35092] JsonRpc Information: 11 : 
00001683	1699.80249023	[35092] Received result for request "21". 
00001684	1699.80334473	[20304] JsonRpc Warning: 5 : 
00001685	1699.80346680	[20304] No target methods are registered that match "NotificationReceived". 
00001686	1699.80944824	[35092] ExecuteSynchronously task continuation option has been passed but it is not supported by VS Task Library hence it is ignored. 
00001687	1699.81408691	[35092] JsonRpc Information: 7 : 
00001688	1699.81420898	[35092] {"id":22} 
00001689	1699.81433105	[35092] JsonRpc Information: 11 : 
00001690	1699.81433105	[35092] Received result for request "22". 
00001691	1699.81579590	[35092] JsonRpc Information: 8 : 
00001692	1699.81579590	[35092] {"id":23,"method":"InitializeDocumentAsync"} 
00001693	1699.81604004	[35092] JsonRpc Information: 8 : 
00001694	1699.81616211	[35092] {"id":24,"method":"InitializeDocumentAsync"} 
00001695	1699.81628418	[35092] JsonRpc Information: 8 : 
00001696	1699.81640625	[35092] {"id":25,"method":"InitializeDocumentAsync"} 
00001697	1699.81652832	[35092] JsonRpc Information: 8 : 
00001698	1699.81677246	[35092] {"id":26,"method":"InitializeDocumentAsync"} 
00001699	1699.81762695	[35092] JsonRpc Information: 7 : 
00001700	1699.81774902	[35092] {"id":23} 
00001701	1699.81774902	[35092] JsonRpc Information: 11 : 
00001702	1699.81787109	[35092] Received result for request "23". 
00001703	1699.81799316	[35092] JsonRpc Information: 7 : 
00001704	1699.81799316	[35092] {"id":24} 
00001705	1699.81811523	[35092] JsonRpc Information: 11 : 
00001706	1699.81811523	[35092] Received result for request "24". 
00001707	1699.81835938	[35092] JsonRpc Information: 7 : 
00001708	1699.81848145	[35092] {"id":25} 
00001709	1699.81848145	[35092] JsonRpc Information: 11 : 
00001710	1699.81860352	[35092] Received result for request "25". 
00001711	1699.82592773	[35092] ExecuteSynchronously task continuation option has been passed but it is not supported by VS Task Library hence it is ignored. 
00001712	1699.83081055	[35092] JsonRpc Information: 7 : 
00001713	1699.83081055	[35092] {"id":26} 
00001714	1699.83093262	[35092] JsonRpc Information: 11 : 
00001715	1699.83093262	[35092] Received result for request "26". 
00001716	1699.83337402	[35092] JsonRpc Information: 8 : 
00001717	1699.83349609	[35092] {"id":27,"method":"InitializeDocumentAsync"} 
00001718	1699.83374023	[35092] JsonRpc Information: 8 : 
00001719	1699.83386230	[35092] {"id":28,"method":"InitializeDocumentAsync"} 
00001720	1699.83410645	[35092] JsonRpc Information: 8 : 
00001721	1699.83410645	[35092] {"id":29,"method":"InitializeDocumentAsync"} 
00001722	1699.83459473	[35092] JsonRpc Information: 8 : 
00001723	1699.83459473	[35092] {"id":30,"method":"InitializeDocumentAsync"} 
00001724	1699.83679199	[35092] JsonRpc Information: 7 : 
00001725	1699.83691406	[35092] {"id":27} 
00001726	1699.83703613	[35092] JsonRpc Information: 11 : 
00001727	1699.83703613	[35092] Received result for request "27". 
00001728	1699.83728027	[35092] JsonRpc Information: 7 : 
00001729	1699.83728027	[35092] {"id":29} 
00001730	1699.83728027	[35092] JsonRpc Information: 11 : 
00001731	1699.83728027	[35092] Received result for request "29". 
00001732	1699.83801270	[35092] JsonRpc Information: 7 : 
00001733	1699.83813477	[35092] {"id":28} 
00001734	1699.83813477	[35092] JsonRpc Information: 11 : 
00001735	1699.83825684	[35092] Received result for request "28". 
00001736	1699.84460449	[35092] ExecuteSynchronously task continuation option has been passed but it is not supported by VS Task Library hence it is ignored. 
00001737	1699.85046387	[35092] JsonRpc Information: 7 : 
00001738	1699.85058594	[35092] {"id":30} 
00001739	1699.85070801	[35092] JsonRpc Information: 11 : 
00001740	1699.85083008	[20304] JsonRpc Warning: 5 : 
00001741	1699.85095215	[35092] Received result for request "30". 
00001742	1699.85107422	[20304] No target methods are registered that match "NotificationReceived". 
00001743	1699.85131836	[35092] JsonRpc Information: 8 : 
00001744	1699.85144043	[35092] {"id":31,"method":"InitializeDocumentAsync"} 
00001745	1699.85168457	[35092] JsonRpc Information: 8 : 
00001746	1699.85168457	[35092] {"id":32,"method":"InitializeDocumentAsync"} 
00001747	1699.85192871	[35092] JsonRpc Information: 8 : 
00001748	1699.85192871	[35092] {"id":33,"method":"InitializeDocumentAsync"} 
00001749	1699.85217285	[35092] JsonRpc Information: 8 : 
00001750	1699.85229492	[35092] {"id":34,"method":"InitializeDocumentAsync"} 
00001751	1699.85913086	[35092] JsonRpc Information: 7 : 
00001752	1699.85925293	[35092] {"id":31} 
00001753	1699.85937500	[35092] JsonRpc Information: 11 : 
00001754	1699.85937500	[35092] Received result for request "31". 
00001755	1699.85961914	[35092] JsonRpc Information: 7 : 
00001756	1699.85961914	[35092] {"id":32} 
00001757	1699.85961914	[35092] JsonRpc Information: 11 : 
00001758	1699.85974121	[35092] Received result for request "32". 
00001759	1699.86035156	[35092] JsonRpc Information: 7 : 
00001760	1699.86047363	[35092] {"id":33} 
00001761	1699.86059570	[35092] JsonRpc Information: 11 : 
00001762	1699.86071777	[35092] Received result for request "33". 
00001763	1699.86279297	[20304] JsonRpc Warning: 5 : 
00001764	1699.86279297	[20304] No target methods are registered that match "NotificationReceived". 
00001765	1699.86718750	[20304] JsonRpc Warning: 5 : 
00001766	1699.86730957	[20304] No target methods are registered that match "NotificationReceived". 
00001767	1699.86840820	[35092] ExecuteSynchronously task continuation option has been passed but it is not supported by VS Task Library hence it is ignored. 
00001768	1699.87219238	[35092] JsonRpc Information: 7 : 
00001769	1699.87231445	[35092] {"id":34} 
00001770	1699.87231445	[35092] JsonRpc Information: 11 : 
00001771	1699.87255859	[35092] Received result for request "34". 
00001772	1699.87268066	[35092] JsonRpc Information: 8 : 
00001773	1699.87292480	[35092] {"id":35,"method":"InitializeDocumentAsync"} 
00001774	1699.87304688	[35092] JsonRpc Information: 8 : 
00001775	1699.87316895	[35092] {"id":36,"method":"InitializeDocumentAsync"} 
00001776	1699.87353516	[35092] JsonRpc Information: 8 : 
00001777	1699.87353516	[35092] {"id":37,"method":"InitializeDocumentAsync"} 
00001778	1699.87390137	[35092] JsonRpc Information: 8 : 
00001779	1699.87390137	[35092] {"id":38,"method":"InitializeDocumentAsync"} 
00001780	1699.91906738	[35092] JsonRpc Information: 7 : 
00001781	1699.91918945	[35092] {"id":35} 
00001782	1699.92114258	[35092] JsonRpc Information: 11 : 
00001783	1699.92150879	[35092] Received result for request "35". 
00001784	1699.92163086	[35092] JsonRpc Information: 7 : 
00001785	1699.92175293	[35092] {"id":36} 
00001786	1699.92175293	[35092] JsonRpc Information: 11 : 
00001787	1699.92187500	[35092] Received result for request "36". 
00001788	1699.92236328	[35092] JsonRpc Information: 7 : 
00001789	1699.92248535	[35092] {"id":37} 
00001790	1699.92248535	[35092] JsonRpc Information: 11 : 
00001791	1699.92248535	[35092] Received result for request "37". 
00001792	1699.92749023	[35092] ExecuteSynchronously task continuation option has been passed but it is not supported by VS Task Library hence it is ignored. 
00001793	1699.93225098	[35092] JsonRpc Information: 7 : 
00001794	1699.93225098	[35092] {"id":38} 
00001795	1699.93249512	[35092] JsonRpc Information: 11 : 
00001796	1699.93249512	[35092] Received result for request "38". 
00001797	1699.93298340	[35092] JsonRpc Information: 8 : 
00001798	1699.93322754	[35092] {"id":39,"method":"InitializeDocumentAsync"} 
00001799	1699.93371582	[35092] JsonRpc Information: 8 : 
00001800	1699.93371582	[35092] {"id":40,"method":"InitializeDocumentAsync"} 
00001801	1699.93395996	[35092] JsonRpc Information: 8 : 
00001802	1699.93395996	[35092] {"id":41,"method":"InitializeDocumentAsync"} 
00001803	1699.93420410	[35092] JsonRpc Information: 8 : 
00001804	1699.93420410	[35092] {"id":42,"method":"InitializeDocumentAsync"} 
00001805	1699.94726563	[35092] JsonRpc Information: 7 : 
00001806	1699.94738770	[35092] {"id":39} 
00001807	1699.94750977	[35092] JsonRpc Information: 11 : 
00001808	1699.94763184	[35092] Received result for request "39". 
00001809	1699.94775391	[35092] JsonRpc Information: 7 : 
00001810	1699.94787598	[35092] {"id":40} 
00001811	1699.94787598	[35092] JsonRpc Information: 11 : 
00001812	1699.94787598	[35092] Received result for request "40". 
00001813	1699.94799805	[35092] JsonRpc Information: 7 : 
00001814	1699.94812012	[35092] {"id":41} 
00001815	1699.94812012	[35092] JsonRpc Information: 11 : 
00001816	1699.94812012	[35092] Received result for request "41". 
00001817	1699.95288086	[20304] JsonRpc Warning: 5 : 
00001818	1699.95300293	[20304] No target methods are registered that match "NotificationReceived". 
00001819	1699.95727539	[35092] ExecuteSynchronously task continuation option has been passed but it is not supported by VS Task Library hence it is ignored. 
00001820	1699.96142578	[35092] JsonRpc Information: 7 : 
00001821	1699.96142578	[35092] {"id":42} 
00001822	1699.96154785	[35092] JsonRpc Information: 11 : 
00001823	1699.96154785	[35092] Received result for request "42". 
00001824	1699.96179199	[35092] JsonRpc Information: 8 : 
00001825	1699.96179199	[35092] {"id":43,"method":"InitializeDocumentAsync"} 
00001826	1699.96215820	[35092] JsonRpc Information: 8 : 
00001827	1699.96215820	[35092] {"id":44,"method":"InitializeDocumentAsync"} 
00001828	1699.96240234	[35092] JsonRpc Information: 8 : 
00001829	1699.96252441	[35092] {"id":45,"method":"InitializeDocumentAsync"} 
00001830	1699.96264648	[35092] JsonRpc Information: 8 : 
00001831	1699.96276855	[35092] {"id":46,"method":"InitializeDocumentAsync"} 
00001832	1699.96386719	[35092] JsonRpc Information: 7 : 
00001833	1699.96398926	[35092] {"id":43} 
00001834	1699.96423340	[35092] JsonRpc Information: 11 : 
00001835	1699.96435547	[35092] Received result for request "43". 
00001836	1699.96435547	[35092] JsonRpc Information: 7 : 
00001837	1699.96472168	[35092] {"id":44} 
00001838	1699.96484375	[35092] JsonRpc Information: 11 : 
00001839	1699.96496582	[35092] Received result for request "44". 
00001840	1699.96520996	[35092] JsonRpc Information: 8 : 
00001841	1699.96533203	[35092] {"id":47,"method":"InitializeDocumentAsync"} 
00001842	1699.96545410	[35092] JsonRpc Information: 7 : 
00001843	1699.96557617	[35092] {"id":45} 
00001844	1699.96569824	[35092] JsonRpc Information: 11 : 
00001845	1699.96569824	[35092] Received result for request "45". 
00001846	1699.96569824	[35092] JsonRpc Information: 8 : 
00001847	1699.96569824	[35092] {"id":48,"method":"InitializeDocumentAsync"} 
00001848	1699.96606445	[35092] JsonRpc Information: 8 : 
00001849	1699.96606445	[35092] {"id":49,"method":"InitializeDocumentAsync"} 
00001850	1700.02783203	[35092] ExecuteSynchronously task continuation option has been passed but it is not supported by VS Task Library hence it is ignored. 
00001851	1700.03112793	[35092] JsonRpc Information: 7 : 
00001852	1700.03112793	[35092] {"id":46} 
00001853	1700.03125000	[35092] JsonRpc Information: 11 : 
00001854	1700.03137207	[35092] Received result for request "46". 
00001855	1700.03149414	[35092] JsonRpc Information: 7 : 
00001856	1700.03161621	[35092] {"id":47} 
00001857	1700.03173828	[35092] JsonRpc Information: 11 : 
00001858	1700.03173828	[35092] Received result for request "47". 
00001859	1700.03173828	[35092] JsonRpc Information: 7 : 
00001860	1700.03186035	[35092] {"id":49} 
00001861	1700.03198242	[35092] JsonRpc Information: 11 : 
00001862	1700.03210449	[35092] Received result for request "49". 
00001863	1700.03234863	[35092] JsonRpc Information: 7 : 
00001864	1700.03234863	[35092] {"id":48} 
00001865	1700.03247070	[35092] JsonRpc Information: 11 : 
00001866	1700.03247070	[35092] Received result for request "48". 
00001867	1700.03271484	[35092] JsonRpc Information: 8 : 
00001868	1700.03271484	[35092] {"id":50,"method":"InitializeDocumentAsync"} 
00001869	1700.03295898	[35092] JsonRpc Information: 8 : 
00001870	1700.03295898	[35092] {"id":51,"method":"InitializeDocumentAsync"} 
00001871	1700.03308105	[35092] JsonRpc Information: 8 : 
00001872	1700.03308105	[35092] {"id":52,"method":"InitializeDocumentAsync"} 
00001873	1700.03308105	[35092] JsonRpc Information: 8 : 
00001874	1700.03320313	[35092] {"id":53,"method":"InitializeDocumentAsync"} 
00001875	1700.03796387	[35092] ExecuteSynchronously task continuation option has been passed but it is not supported by VS Task Library hence it is ignored. 
00001876	1700.04052734	[35092] JsonRpc Information: 7 : 
00001877	1700.04052734	[35092] {"id":50} 
00001878	1700.04064941	[35092] JsonRpc Information: 11 : 
00001879	1700.04064941	[35092] Received result for request "50". 
00001880	1700.04077148	[35092] JsonRpc Information: 7 : 
00001881	1700.04101563	[35092] {"id":52} 
00001882	1700.04113770	[35092] JsonRpc Information: 11 : 
00001883	1700.04113770	[35092] Received result for request "52". 
00001884	1700.04125977	[35092] JsonRpc Information: 7 : 
00001885	1700.04138184	[35092] {"id":51} 
00001886	1700.04150391	[35092] JsonRpc Information: 11 : 
00001887	1700.04150391	[35092] Received result for request "51". 
00001888	1700.04162598	[35092] JsonRpc Information: 7 : 
00001889	1700.04174805	[35092] {"id":53} 
00001890	1700.04187012	[35092] JsonRpc Information: 11 : 
00001891	1700.04187012	[35092] Received result for request "53". 
00001892	1701.75524902	[35092] JsonRpc Warning: 5 : 
00001893	1701.75524902	[35092] No target methods are registered that match "NotificationReceived". 
00001894	1701.75585938	[35092] JsonRpc Warning: 5 : 
00001895	1701.75598145	[35092] No target methods are registered that match "NotificationReceived". 
00001896	1701.75622559	[35092] JsonRpc Warning: 5 : 
00001897	1701.75634766	[35092] No target methods are registered that match "NotificationReceived". 
00001898	1753.20556641	[35092] JsonRpc Information: 8 : 
00001899	1753.20593262	[35092] {"id":12,"method":"ExecuteQueryAsync"} 
00001900	1753.23059082	[35092] JsonRpc Information: 7 : 
00001901	1753.23071289	[35092] {"id":12} 
00001902	1753.23095703	[35092] JsonRpc Information: 11 : 
00001903	1753.23120117	[35092] Received result for request "12". 
00001904	1753.23425293	[35092] JsonRpc Information: 8 : 
00001905	1753.23425293	[35092] {"id":13,"method":"ExecuteQueryAsync"} 
00001906	1753.23510742	[35092] JsonRpc Information: 7 : 
00001907	1753.23510742	[35092] {"id":13} 
00001908	1753.23510742	[35092] JsonRpc Information: 11 : 
00001909	1753.23510742	[35092] Received result for request "13". 
00001910	1753.23571777	[35092] JsonRpc Information: 8 : 
00001911	1753.23571777	[35092] {"id":14,"method":"ExecuteQueryAsync"} 
00001912	1753.23608398	[35092] JsonRpc Information: 7 : 
00001913	1753.23632813	[35092] {"id":14} 
00001914	1753.23632813	[35092] JsonRpc Information: 11 : 
00001915	1753.23632813	[35092] Received result for request "14". 
00001916	1753.23669434	[35092] JsonRpc Information: 8 : 
00001917	1753.23669434	[35092] {"id":15,"method":"ExecuteQueryAsync"} 
00001918	1753.23730469	[35092] JsonRpc Information: 7 : 
00001919	1753.23730469	[35092] {"id":15} 
00001920	1753.23730469	[35092] JsonRpc Information: 11 : 
00001921	1753.23730469	[35092] Received result for request "15". 
00001922	1753.23767090	[35092] JsonRpc Information: 8 : 
00001923	1753.23767090	[35092] {"id":16,"method":"ExecuteQueryAsync"} 
00001924	1753.23815918	[35092] JsonRpc Information: 7 : 
00001925	1753.23815918	[35092] {"id":16} 
00001926	1753.23815918	[35092] JsonRpc Information: 11 : 
00001927	1753.23815918	[35092] Received result for request "16". 
00001928	1753.23852539	[35092] JsonRpc Information: 8 : 
00001929	1753.23852539	[35092] {"id":17,"method":"ExecuteQueryAsync"} 
00001930	1753.23889160	[35092] JsonRpc Information: 7 : 
00001931	1753.23913574	[35092] {"id":17} 
00001932	1753.23913574	[35092] JsonRpc Information: 11 : 
00001933	1753.23913574	[35092] Received result for request "17". 
00001934	1753.23937988	[35092] JsonRpc Information: 8 : 
00001935	1753.23950195	[35092] {"id":18,"method":"ExecuteQueryAsync"} 
00001936	1753.23999023	[35092] JsonRpc Information: 7 : 
00001937	1753.23999023	[35092] {"id":18} 
00001938	1753.23999023	[35092] JsonRpc Information: 11 : 
00001939	1753.23999023	[35092] Received result for request "18". 
00001940	1753.24035645	[35092] JsonRpc Information: 8 : 
00001941	1753.24035645	[35092] {"id":19,"method":"ExecuteQueryAsync"} 
00001942	1753.24072266	[35092] JsonRpc Information: 7 : 
00001943	1753.24072266	[35092] {"id":19} 
00001944	1753.24072266	[35092] JsonRpc Information: 11 : 
00001945	1753.24072266	[35092] Received result for request "19". 
00001946	1753.24121094	[35092] JsonRpc Information: 8 : 
00001947	1753.24121094	[35092] {"id":20,"method":"ExecuteQueryAsync"} 
00001948	1753.24157715	[35092] JsonRpc Information: 7 : 
00001949	1753.24182129	[35092] {"id":20} 
00001950	1753.24182129	[35092] JsonRpc Information: 11 : 
00001951	1753.24182129	[35092] Received result for request "20". 
00001952	1753.24218750	[35092] JsonRpc Information: 8 : 
00001953	1753.24218750	[35092] {"id":21,"method":"ExecuteQueryAsync"} 
00001954	1753.24267578	[35092] JsonRpc Information: 7 : 
00001955	1753.24279785	[35092] {"id":21} 
00001956	1753.24279785	[35092] JsonRpc Information: 11 : 
00001957	1753.24279785	[35092] Received result for request "21". 
00001958	1753.24304199	[35092] JsonRpc Information: 8 : 
00001959	1753.24328613	[35092] {"id":22,"method":"ExecuteQueryAsync"} 
00001960	1753.24365234	[35092] JsonRpc Information: 7 : 
00001961	1753.24365234	[35092] {"id":22} 
00001962	1753.24365234	[35092] JsonRpc Information: 11 : 
00001963	1753.24365234	[35092] Received result for request "22". 
00001964	1753.24401855	[35092] JsonRpc Information: 8 : 
00001965	1753.24401855	[35092] {"id":23,"method":"ExecuteQueryAsync"} 
00001966	1753.24450684	[35092] JsonRpc Information: 7 : 
00001967	1753.24450684	[35092] {"id":23} 
00001968	1753.24450684	[35092] JsonRpc Information: 11 : 
00001969	1753.24450684	[35092] Received result for request "23". 
00001970	1753.24487305	[35092] JsonRpc Information: 8 : 
00001971	1753.24487305	[35092] {"id":24,"method":"ExecuteQueryAsync"} 
00001972	1753.24548340	[35092] JsonRpc Information: 7 : 
00001973	1753.24548340	[35092] {"id":24} 
00001974	1753.24548340	[35092] JsonRpc Information: 11 : 
00001975	1753.24548340	[35092] Received result for request "24". 
00001976	1753.24633789	[35092] JsonRpc Information: 8 : 
00001977	1753.24633789	[35092] {"id":25,"method":"ExecuteQueryAsync"} 
00001978	1753.24707031	[35092] JsonRpc Information: 7 : 
00001979	1753.24707031	[35092] {"id":25} 
00001980	1753.24707031	[35092] JsonRpc Information: 11 : 
00001981	1753.24707031	[35092] Received result for request "25". 
00001982	1753.24816895	[35092] JsonRpc Information: 8 : 
00001983	1753.24816895	[35092] {"id":26,"method":"ExecuteQueryAsync"} 
00001984	1753.24914551	[35092] JsonRpc Information: 7 : 
00001985	1753.24914551	[35092] {"id":26} 
00001986	1753.24914551	[35092] JsonRpc Information: 11 : 
00001987	1753.24938965	[35092] Received result for request "26". 
00001988	1753.25280762	[35092] JsonRpc Information: 8 : 
00001989	1753.25305176	[35092] {"id":27,"method":"ExecuteQueryAsync"} 
00001990	1753.25415039	[35092] JsonRpc Information: 7 : 
00001991	1753.25415039	[35092] {"id":27} 
00001992	1753.25415039	[35092] JsonRpc Information: 11 : 
00001993	1753.25415039	[35092] Received result for request "27". 
00001994	1761.20202637	[35092] JsonRpc Information: 8 : 
00001995	1761.20214844	[35092] {"id":28,"method":"ExecuteQueryAsync"} 
00001996	1761.23327637	[35092] JsonRpc Information: 7 : 
00001997	1761.23352051	[35092] {"id":28} 
00001998	1761.23352051	[35092] JsonRpc Information: 11 : 
00001999	1761.23376465	[35092] Received result for request "28". 
00002000	1766.64306641	[35092] JsonRpc Information: 8 : 
00002001	1766.64428711	[35092] {"id":29,"method":"ExecuteQueryAsync"} 
00002002	1766.64807129	[35092] JsonRpc Information: 7 : 
00002003	1766.64819336	[35092] {"id":29} 
00002004	1766.64843750	[35092] JsonRpc Information: 11 : 
00002005	1766.64843750	[35092] Received result for request "29". 
00002006	1884.40576172	[728] [0902/041922.549:ERROR:third_party\crashpad\crashpad\util\file\filesystem_win.cc:128] GetFileAttributes C:\Users\Nabeel Hyder\AppData\Local\Microsoft\Edge\User Data\Crashpad\attachments\f953e348-cc91-4787-9868-4bcd0ab8a8d8: The system cannot find the file specified. (0x2)
00002007	1884.40661621	[728] [0902/041922.549:ERROR:third_party\crashpad\crashpad\util\file\filesystem_win.cc:128] GetFileAttributes C:\Users\Nabeel Hyder\AppData\Local\Microsoft\Edge\User Data\Crashpad\attachments\b6cc1cfd-91fb-4cae-9ebb-ffc5e4d604ef: The system cannot find the file specified. (0x2)
00002008	1884.40734863	[728] [0902/041922.549:ERROR:third_party\crashpad\crashpad\util\file\filesystem_win.cc:128] GetFileAttributes C:\Users\Nabeel Hyder\AppData\Local\Microsoft\Edge\User Data\Crashpad\attachments\6ca1afb9-e9f8-4a13-8ea7-67b42f0652e9: The system cannot find the file specified. (0x2)
00002009	1927.09033203	[13968] ModelService Information: 0 : 
00002010	1927.09094238	[13968] Requesting model load on demand for xaml intellisense-markup. 
00002011	1927.09265137	[13968] ModelService Information: 0 : 
00002012	1927.09301758	[13968] Requesting model load for xaml intellisense-markup. 
00002013	1927.13110352	[13968] ModelService Information: 0 : 
00002014	1927.13586426	[13968] Loading model for xaml intellisense-markup from c:\program files\microsoft visual studio\2022\community\common7\ide\extensions\microsoft\intellicode\BundledModels\xaml_intellisense-markup. 
00002015	1927.33044434	[13968] ModelService Information: 0 : 
00002016	1927.33044434	[13968] Compacting models took 53ms. 
00002017	1929.71179199	[35092] JsonRpc Warning: 5 : 
00002018	1929.71203613	[35092] No target methods are registered that match "NotificationReceived". 
00002019	1929.71240234	[35092] JsonRpc Warning: 5 : 
00002020	1929.71264648	[35092] No target methods are registered that match "NotificationReceived". 
00002021	1929.71264648	[35092] JsonRpc Warning: 5 : 
00002022	1929.71289063	[35092] No target methods are registered that match "NotificationReceived". 
00002023	1949.98010254	[35092] JsonRpc Warning: 5 : 
00002024	1949.98046875	[35092] No target methods are registered that match "NotificationReceived". 
00002025	1949.98071289	[35092] JsonRpc Warning: 5 : 
00002026	1949.98071289	[35092] No target methods are registered that match "NotificationReceived". 
00002027	1949.98083496	[35092] JsonRpc Warning: 5 : 
00002028	1949.98107910	[35092] No target methods are registered that match "NotificationReceived". 
00002029	1958.02172852	[20304] JsonRpc Warning: 5 : 
00002030	1958.02172852	[20304] No target methods are registered that match "NotificationReceived". 
00002031	1962.84582520	[20304] JsonRpc Warning: 5 : 
00002032	1962.84582520	[20304] No target methods are registered that match "NotificationReceived". 
00002033	1991.28369141	[35092] JsonRpc Information: 8 : 
00002034	1991.28393555	[35092] {"id":30,"method":"ExecuteQueryAsync"} 
00002035	1991.30004883	[35092] JsonRpc Information: 7 : 
00002036	1991.30053711	[35092] {"id":30} 
00002037	1991.30053711	[35092] JsonRpc Information: 11 : 
00002038	1991.30065918	[35092] Received result for request "30". 
00002039	1991.88708496	[20304] JsonRpc Warning: 5 : 
00002040	1991.88720703	[20304] No target methods are registered that match "NotificationReceived". 
00002041	1992.80273438	[20304] JsonRpc Warning: 5 : 
00002042	1992.80273438	[20304] No target methods are registered that match "NotificationReceived". 
00002043	2025.21704102	[35092] JsonRpc Information: 8 : 
00002044	2025.21728516	[35092] {"id":31,"method":"ExecuteQueryAsync"} 
00002045	2025.22436523	[35092] JsonRpc Information: 8 : 
00002046	2025.22436523	[35092] {"id":32,"method":"ExecuteQueryAsync"} 
00002047	2025.22863770	[35092] JsonRpc Information: 7 : 
00002048	2025.22863770	[35092] {"id":31} 
00002049	2025.22863770	[35092] JsonRpc Information: 11 : 
00002050	2025.22888184	[35092] Received result for request "31". 
00002051	2025.22912598	[35092] JsonRpc Information: 7 : 
00002052	2025.22912598	[35092] {"id":32} 
00002053	2025.22912598	[35092] JsonRpc Information: 11 : 
00002054	2025.22912598	[35092] Received result for request "32". 
00002055	2027.29797363	[35092] JsonRpc Information: 8 : 
00002056	2027.29821777	[35092] {"id":33,"method":"ExecuteQueryAsync"} 
00002057	2027.37292480	[20304] JsonRpc Warning: 5 : 
00002058	2027.37292480	[20304] No target methods are registered that match "NotificationReceived". 
00002059	2027.54699707	[20304] JsonRpc Warning: 5 : 
00002060	2027.54724121	[20304] No target methods are registered that match "NotificationReceived". 
00002061	2027.70104980	[35092] JsonRpc Information: 7 : 
00002062	2027.70129395	[35092] {"id":33} 
00002063	2027.70141602	[35092] JsonRpc Information: 11 : 
00002064	2027.70141602	[35092] Received result for request "33". 
00002065	2027.88208008	[35092] JsonRpc Information: 8 : 
00002066	2027.88208008	[35092] {"id":34,"method":"ExecuteQueryAsync"} 
00002067	2027.88439941	[35092] JsonRpc Information: 7 : 
00002068	2027.88452148	[35092] {"id":34} 
00002069	2027.88476563	[35092] JsonRpc Information: 11 : 
00002070	2027.88500977	[35092] Received result for request "34". 
00002071	2027.89196777	[35092] JsonRpc Information: 8 : 
00002072	2027.89208984	[35092] {"id":35,"method":"ExecuteRemoteExecutableAsync"} 
00002073	2028.12536621	[35092] JsonRpc Information: 7 : 
00002074	2028.12536621	[35092] {"id":35} 
00002075	2028.12536621	[35092] JsonRpc Information: 11 : 
00002076	2028.12561035	[35092] Received result for request "35". 
00002077	2028.12683105	[35092] JsonRpc Information: 8 : 
00002078	2028.12707520	[35092] {"id":36,"method":"ExecuteRemoteExecutableAsync"} 
00002079	2028.12890625	[35092] JsonRpc Information: 7 : 
00002080	2028.12902832	[35092] {"id":36} 
00002081	2028.12902832	[35092] JsonRpc Information: 11 : 
00002082	2028.12927246	[35092] Received result for request "36". 
00002083	2042.51525879	[35092] JsonRpc Warning: 5 : 
00002084	2042.51525879	[35092] No target methods are registered that match "NotificationReceived". 
00002085	2042.73498535	[35092] JsonRpc Warning: 5 : 
00002086	2042.73498535	[35092] No target methods are registered that match "NotificationReceived". 
00002087	2042.73522949	[35092] JsonRpc Warning: 5 : 
00002088	2042.73522949	[35092] No target methods are registered that match "NotificationReceived". 
00002089	2070.07250977	[35092] JsonRpc Warning: 5 : 
00002090	2070.07250977	[35092] No target methods are registered that match "NotificationReceived". 
00002091	2070.07275391	[35092] JsonRpc Warning: 5 : 
00002092	2070.07275391	[35092] No target methods are registered that match "NotificationReceived". 
00002093	2070.07299805	[35092] JsonRpc Warning: 5 : 
00002094	2070.07299805	[35092] No target methods are registered that match "NotificationReceived". 
00002095	2079.68017578	[35092] JsonRpc Warning: 5 : 
00002096	2079.68017578	[35092] No target methods are registered that match "NotificationReceived". 
00002097	2079.88598633	[35092] JsonRpc Warning: 5 : 
00002098	2079.88598633	[35092] No target methods are registered that match "NotificationReceived". 
00002099	2079.88623047	[35092] JsonRpc Warning: 5 : 
00002100	2079.88623047	[35092] No target methods are registered that match "NotificationReceived". 
00002101	2089.21679688	[25528] RecursiveDirectoryCreate( C:\Users\Nabeel Hyder\AppData\Local\Microsoft\VisualStudio\WebView2Cache\0000\EBWebView directory exists )
00002102	2090.39062500	[35092] JsonRpc Warning: 5 : 
00002103	2090.39086914	[35092] No target methods are registered that match "NotificationReceived". 
00002104	2091.89111328	[35092] JsonRpc Warning: 5 : 
00002105	2091.89160156	[35092] No target methods are registered that match "NotificationReceived". 
00002106	2091.89208984	[35092] JsonRpc Warning: 5 : 
00002107	2091.89208984	[35092] No target methods are registered that match "NotificationReceived". 
00002108	2096.69775391	[35092] JsonRpc Warning: 5 : 
00002109	2096.69799805	[35092] No target methods are registered that match "NotificationReceived". 
00002110	2111.35424805	[20304] JsonRpc Warning: 5 : 
00002111	2111.35449219	[20304] No target methods are registered that match "NotificationReceived". 
00002112	2115.48388672	[20304] JsonRpc Warning: 5 : 
00002113	2115.48388672	[20304] No target methods are registered that match "NotificationReceived". 
00002114	2119.88525391	[35092] JsonRpc Warning: 5 : 
00002115	2119.88549805	[35092] No target methods are registered that match "NotificationReceived". 
00002116	2119.88574219	[35092] JsonRpc Warning: 5 : 
00002117	2119.88623047	[35092] No target methods are registered that match "NotificationReceived". 
00002118	2119.88671875	[35092] JsonRpc Warning: 5 : 
00002119	2119.88696289	[35092] No target methods are registered that match "NotificationReceived". 
00002120	2129.44238281	[20304] JsonRpc Warning: 5 : 
00002121	2129.44238281	[20304] No target methods are registered that match "NotificationReceived". 
00002122	2131.38891602	[20304] JsonRpc Warning: 5 : 
00002123	2131.38891602	[20304] No target methods are registered that match "NotificationReceived". 
00002124	2131.41772461	[20304] JsonRpc Warning: 5 : 
00002125	2131.41772461	[20304] No target methods are registered that match "NotificationReceived". 
00002126	2135.51000977	[35092] JsonRpc Warning: 5 : 
00002127	2135.51000977	[35092] No target methods are registered that match "NotificationReceived". 
00002128	2135.51025391	[35092] JsonRpc Warning: 5 : 
00002129	2135.51049805	[35092] No target methods are registered that match "NotificationReceived". 
00002130	2135.51049805	[35092] JsonRpc Warning: 5 : 
00002131	2135.51049805	[35092] No target methods are registered that match "NotificationReceived". 
00002132	2137.71826172	[35092] JsonRpc Warning: 5 : 
00002133	2137.71826172	[35092] No target methods are registered that match "NotificationReceived". 
00002134	2137.94140625	[35092] JsonRpc Warning: 5 : 
00002135	2137.94140625	[35092] No target methods are registered that match "NotificationReceived". 
00002136	2137.94189453	[35092] JsonRpc Warning: 5 : 
00002137	2137.94189453	[35092] No target methods are registered that match "NotificationReceived". 
00002138	2152.79174805	[35092] JsonRpc Warning: 5 : 
00002139	2152.79199219	[35092] No target methods are registered that match "NotificationReceived". 
00002140	2153.00024414	[35092] JsonRpc Warning: 5 : 
00002141	2153.00048828	[35092] No target methods are registered that match "NotificationReceived". 
00002142	2153.00073242	[35092] JsonRpc Warning: 5 : 
00002143	2153.00097656	[35092] No target methods are registered that match "NotificationReceived". 
00002144	2157.29467773	[20648] RecursiveDirectoryCreate( C:\Users\Nabeel Hyder\AppData\Local\Microsoft\VisualStudio\WebView2Cache\0000\EBWebView directory exists )
00002145	2158.39672852	[35092] JsonRpc Warning: 5 : 
00002146	2158.39672852	[35092] No target methods are registered that match "NotificationReceived". 
00002147	2159.90283203	[35092] JsonRpc Warning: 5 : 
00002148	2159.90283203	[35092] No target methods are registered that match "NotificationReceived". 
00002149	2159.90307617	[35092] JsonRpc Warning: 5 : 
00002150	2159.90332031	[35092] No target methods are registered that match "NotificationReceived". 
00002151	2164.80883789	[35092] JsonRpc Warning: 5 : 
00002152	2164.80932617	[35092] No target methods are registered that match "NotificationReceived". 
00002153	2169.33276367	[5352] [0902/042407.475:ERROR:third_party\crashpad\crashpad\util\file\filesystem_win.cc:128] GetFileAttributes C:\Users\Nabeel Hyder\AppData\Local\Google\Chrome\User Data\Crashpad\attachments\3ccd99b0-c7c4-413a-b818-beb255f16aba: The system cannot find the file specified. (0x2)
00002154	2169.33300781	[5352] [0902/042407.475:ERROR:third_party\crashpad\crashpad\util\file\filesystem_win.cc:128] GetFileAttributes C:\Users\Nabeel Hyder\AppData\Local\Google\Chrome\User Data\Crashpad\attachments\0359c66b-c5d9-42fa-bba9-eb58a623b58a: The system cannot find the file specified. (0x2)
00002155	2169.33325195	[5352] [0902/042407.475:ERROR:third_party\crashpad\crashpad\util\file\filesystem_win.cc:128] GetFileAttributes C:\Users\Nabeel Hyder\AppData\Local\Google\Chrome\User Data\Crashpad\attachments\4ede1c49-c9e5-41f2-90d4-29a9323b0544: The system cannot find the file specified. (0x2)
00002156	2169.33349609	[5352] [0902/042407.475:ERROR:third_party\crashpad\crashpad\util\file\filesystem_win.cc:128] GetFileAttributes C:\Users\Nabeel Hyder\AppData\Local\Google\Chrome\User Data\Crashpad\attachments\b3a21853-6170-4072-b16f-480d75df6dae: The system cannot find the file specified. (0x2)
00002157	2169.33374023	[5352] [0902/042407.475:ERROR:third_party\crashpad\crashpad\util\file\filesystem_win.cc:128] GetFileAttributes C:\Users\Nabeel Hyder\AppData\Local\Google\Chrome\User Data\Crashpad\attachments\b686ff2a-b6d2-476d-9c1b-6bd1ebc79f0b: The system cannot find the file specified. (0x2)
00002158	2169.33398438	[5352] [0902/042407.475:ERROR:third_party\crashpad\crashpad\util\file\filesystem_win.cc:128] GetFileAttributes C:\Users\Nabeel Hyder\AppData\Local\Google\Chrome\User Data\Crashpad\attachments\6545279d-efbf-4f74-aa1e-d02dcec9e3e4: The system cannot find the file specified. (0x2)
00002159	2169.33422852	[5352] [0902/042407.475:ERROR:third_party\crashpad\crashpad\util\file\filesystem_win.cc:128] GetFileAttributes C:\Users\Nabeel Hyder\AppData\Local\Google\Chrome\User Data\Crashpad\attachments\17e2d7e8-17c0-4f28-83b7-78613e385583: The system cannot find the file specified. (0x2)
00002160	2169.33471680	[5352] [0902/042407.475:ERROR:third_party\crashpad\crashpad\util\file\filesystem_win.cc:128] GetFileAttributes C:\Users\Nabeel Hyder\AppData\Local\Google\Chrome\User Data\Crashpad\attachments\df3fc448-7bc4-4b25-a556-90290e476879: The system cannot find the file specified. (0x2)
00002161	2169.33569336	[5352] [0902/042407.475:ERROR:third_party\crashpad\crashpad\util\file\filesystem_win.cc:128] GetFileAttributes C:\Users\Nabeel Hyder\AppData\Local\Google\Chrome\User Data\Crashpad\attachments\6dae28f9-3a84-4157-af45-85296b70a711: The system cannot find the file specified. (0x2)
00002162	2169.33642578	[5352] [0902/042407.475:ERROR:third_party\crashpad\crashpad\util\file\filesystem_win.cc:128] GetFileAttributes C:\Users\Nabeel Hyder\AppData\Local\Google\Chrome\User Data\Crashpad\attachments\f83f15d8-f1d5-4b04-86ba-cbf6ace28547: The system cannot find the file specified. (0x2)
00002163	2169.33691406	[5352] [0902/042407.475:ERROR:third_party\crashpad\crashpad\util\file\filesystem_win.cc:128] GetFileAttributes C:\Users\Nabeel Hyder\AppData\Local\Google\Chrome\User Data\Crashpad\attachments\ba350f48-28dd-4efb-bd75-2f4c99ed97e8: The system cannot find the file specified. (0x2)
00002164	2169.33740234	[5352] [0902/042407.475:ERROR:third_party\crashpad\crashpad\util\file\filesystem_win.cc:128] GetFileAttributes C:\Users\Nabeel Hyder\AppData\Local\Google\Chrome\User Data\Crashpad\attachments\f2f52206-f7f8-4a5f-84ad-af2bfab5bf40: The system cannot find the file specified. (0x2)
00002165	2169.33764648	[5352] [0902/042407.475:ERROR:third_party\crashpad\crashpad\util\file\filesystem_win.cc:128] GetFileAttributes C:\Users\Nabeel Hyder\AppData\Local\Google\Chrome\User Data\Crashpad\attachments\4443cf38-3ccd-49f1-bccb-c4197d3c9587: The system cannot find the file specified. (0x2)
00002166	2169.33789063	[5352] [0902/042407.475:ERROR:third_party\crashpad\crashpad\util\file\filesystem_win.cc:128] GetFileAttributes C:\Users\Nabeel Hyder\AppData\Local\Google\Chrome\User Data\Crashpad\attachments\9ae5113d-2771-4f4e-b219-ce89aa676b43: The system cannot find the file specified. (0x2)
00002167	2169.33813477	[5352] [0902/042407.475:ERROR:third_party\crashpad\crashpad\util\file\filesystem_win.cc:128] GetFileAttributes C:\Users\Nabeel Hyder\AppData\Local\Google\Chrome\User Data\Crashpad\attachments\6ea8f6a4-223a-49c2-9c65-ea88d651b682: The system cannot find the file specified. (0x2)
00002168	2169.33837891	[5352] [0902/042407.475:ERROR:third_party\crashpad\crashpad\util\file\filesystem_win.cc:128] GetFileAttributes C:\Users\Nabeel Hyder\AppData\Local\Google\Chrome\User Data\Crashpad\attachments\192d95a0-3239-4d74-9deb-1d5abe3e2b0b: The system cannot find the file specified. (0x2)
00002169	2169.33837891	[5352] [0902/042407.475:ERROR:third_party\crashpad\crashpad\util\file\filesystem_win.cc:128] GetFileAttributes C:\Users\Nabeel Hyder\AppData\Local\Google\Chrome\User Data\Crashpad\attachments\cc8da2ef-df61-40ef-beeb-d6671697400e: The system cannot find the file specified. (0x2)
00002170	2169.33862305	[5352] [0902/042407.475:ERROR:third_party\crashpad\crashpad\util\file\filesystem_win.cc:128] GetFileAttributes C:\Users\Nabeel Hyder\AppData\Local\Google\Chrome\User Data\Crashpad\attachments\c18a55a2-676d-4e5a-9851-00c8e84d51f6: The system cannot find the file specified. (0x2)
00002171	2169.33886719	[5352] [0902/042407.475:ERROR:third_party\crashpad\crashpad\util\file\filesystem_win.cc:128] GetFileAttributes C:\Users\Nabeel Hyder\AppData\Local\Google\Chrome\User Data\Crashpad\attachments\166888ed-e277-4b6c-b0d6-3f73061348e2: The system cannot find the file specified. (0x2)
00002172	2169.33959961	[5352] [0902/042407.475:ERROR:third_party\crashpad\crashpad\util\file\filesystem_win.cc:128] GetFileAttributes C:\Users\Nabeel Hyder\AppData\Local\Google\Chrome\User Data\Crashpad\attachments\9c225e80-5047-4141-adf9-9c0c1eabf2e2: The system cannot find the file specified. (0x2)
00002173	2169.33984375	[5352] [0902/042407.475:ERROR:third_party\crashpad\crashpad\util\file\filesystem_win.cc:128] GetFileAttributes C:\Users\Nabeel Hyder\AppData\Local\Google\Chrome\User Data\Crashpad\attachments\83826cfb-7a9a-4b77-a5a5-7835eaf63789: The system cannot find the file specified. (0x2)
00002174	2169.34033203	[5352] [0902/042407.475:ERROR:third_party\crashpad\crashpad\util\file\filesystem_win.cc:128] GetFileAttributes C:\Users\Nabeel Hyder\AppData\Local\Google\Chrome\User Data\Crashpad\attachments\50d4614a-f58b-488e-9b68-936c74ac4132: The system cannot find the file specified. (0x2)
00002175	2169.34057617	[5352] [0902/042407.475:ERROR:third_party\crashpad\crashpad\util\file\filesystem_win.cc:128] GetFileAttributes C:\Users\Nabeel Hyder\AppData\Local\Google\Chrome\User Data\Crashpad\attachments\e74e799e-2919-4b23-897c-4610fda6857b: The system cannot find the file specified. (0x2)
00002176	2169.34082031	[5352] [0902/042407.475:ERROR:third_party\crashpad\crashpad\util\file\filesystem_win.cc:128] GetFileAttributes C:\Users\Nabeel Hyder\AppData\Local\Google\Chrome\User Data\Crashpad\attachments\a3d408f8-4de9-4d67-ac39-725110f5083d: The system cannot find the file specified. (0x2)
00002177	2169.34082031	[5352] [0902/042407.475:ERROR:third_party\crashpad\crashpad\util\file\filesystem_win.cc:128] GetFileAttributes C:\Users\Nabeel Hyder\AppData\Local\Google\Chrome\User Data\Crashpad\attachments\96ce90f7-448f-4f01-989a-0f2682ecbaa5: The system cannot find the file specified. (0x2)
00002178	2169.34106445	[5352] [0902/042407.475:ERROR:third_party\crashpad\crashpad\util\file\filesystem_win.cc:128] GetFileAttributes C:\Users\Nabeel Hyder\AppData\Local\Google\Chrome\User Data\Crashpad\attachments\d7330213-7728-4013-bdad-0b422ffdace8: The system cannot find the file specified. (0x2)
00002179	2169.34130859	[5352] [0902/042407.475:ERROR:third_party\crashpad\crashpad\util\file\filesystem_win.cc:128] GetFileAttributes C:\Users\Nabeel Hyder\AppData\Local\Google\Chrome\User Data\Crashpad\attachments\d0e09ec7-f808-422c-adb1-626d28cbe041: The system cannot find the file specified. (0x2)
00002180	2169.34155273	[5352] [0902/042407.475:ERROR:third_party\crashpad\crashpad\util\file\filesystem_win.cc:128] GetFileAttributes C:\Users\Nabeel Hyder\AppData\Local\Google\Chrome\User Data\Crashpad\attachments\41e8aa24-8237-4ff7-887b-1f792d137833: The system cannot find the file specified. (0x2)
00002181	2169.34179688	[5352] [0902/042407.475:ERROR:third_party\crashpad\crashpad\util\file\filesystem_win.cc:128] GetFileAttributes C:\Users\Nabeel Hyder\AppData\Local\Google\Chrome\User Data\Crashpad\attachments\2fe245fb-15f0-4bf2-a3d4-0a30503a5a91: The system cannot find the file specified. (0x2)
00002182	2169.34179688	[5352] [0902/042407.475:ERROR:third_party\crashpad\crashpad\util\file\filesystem_win.cc:128] GetFileAttributes C:\Users\Nabeel Hyder\AppData\Local\Google\Chrome\User Data\Crashpad\attachments\d30e0c4e-9d54-4884-aef3-de7316db4980: The system cannot find the file specified. (0x2)
00002183	2169.34204102	[5352] [0902/042407.475:ERROR:third_party\crashpad\crashpad\util\file\filesystem_win.cc:128] GetFileAttributes C:\Users\Nabeel Hyder\AppData\Local\Google\Chrome\User Data\Crashpad\attachments\878faa28-a516-49f4-9345-ce3748e2aa33: The system cannot find the file specified. (0x2)
00002184	2169.34204102	[5352] [0902/042407.475:ERROR:third_party\crashpad\crashpad\util\file\filesystem_win.cc:128] GetFileAttributes C:\Users\Nabeel Hyder\AppData\Local\Google\Chrome\User Data\Crashpad\attachments\4a565322-64c4-45f5-a541-1bca66cc06a9: The system cannot find the file specified. (0x2)
00002185	2169.34326172	[5352] [0902/042407.489:ERROR:third_party\crashpad\crashpad\util\file\filesystem_win.cc:128] GetFileAttributes C:\Users\Nabeel Hyder\AppData\Local\Google\Chrome\User Data\Crashpad\attachments\8f80ae41-f29e-4482-afc8-d969e3251ae0: The system cannot find the file specified. (0x2)
00002186	2169.34472656	[5352] [0902/042407.489:ERROR:third_party\crashpad\crashpad\util\file\filesystem_win.cc:128] GetFileAttributes C:\Users\Nabeel Hyder\AppData\Local\Google\Chrome\User Data\Crashpad\attachments\ec52ba14-278d-4c97-a642-c0f16b13e0b1: The system cannot find the file specified. (0x2)
00002187	2169.34497070	[5352] [0902/042407.489:ERROR:third_party\crashpad\crashpad\util\file\filesystem_win.cc:128] GetFileAttributes C:\Users\Nabeel Hyder\AppData\Local\Google\Chrome\User Data\Crashpad\attachments\f668953a-f1b5-484d-b284-d1e1d2918a5c: The system cannot find the file specified. (0x2)
00002188	2169.34594727	[5352] [0902/042407.489:ERROR:third_party\crashpad\crashpad\util\file\filesystem_win.cc:128] GetFileAttributes C:\Users\Nabeel Hyder\AppData\Local\Google\Chrome\User Data\Crashpad\attachments\9a83993e-6d5b-426f-9e9c-21a4b3e93b14: The system cannot find the file specified. (0x2)
00002189	2169.34667969	[5352] [0902/042407.489:ERROR:third_party\crashpad\crashpad\util\file\filesystem_win.cc:128] GetFileAttributes C:\Users\Nabeel Hyder\AppData\Local\Google\Chrome\User Data\Crashpad\attachments\d807bece-f457-4f5e-ba39-a74cc943d24c: The system cannot find the file specified. (0x2)
00002190	2169.34692383	[5352] [0902/042407.489:ERROR:third_party\crashpad\crashpad\util\file\filesystem_win.cc:128] GetFileAttributes C:\Users\Nabeel Hyder\AppData\Local\Google\Chrome\User Data\Crashpad\attachments\e5c1b33c-5722-4ef8-aa8f-6ceed48cdbd8: The system cannot find the file specified. (0x2)
00002191	2169.34716797	[5352] [0902/042407.489:ERROR:third_party\crashpad\crashpad\util\file\filesystem_win.cc:128] GetFileAttributes C:\Users\Nabeel Hyder\AppData\Local\Google\Chrome\User Data\Crashpad\attachments\025a4e0d-a85f-4ee1-8445-f37eb1913183: The system cannot find the file specified. (0x2)
00002192	2169.34716797	[5352] [0902/042407.489:ERROR:third_party\crashpad\crashpad\util\file\filesystem_win.cc:128] GetFileAttributes C:\Users\Nabeel Hyder\AppData\Local\Google\Chrome\User Data\Crashpad\attachments\93c9970b-beef-43f8-b8e8-3c66a5396f8d: The system cannot find the file specified. (0x2)
00002193	2169.34741211	[5352] [0902/042407.489:ERROR:third_party\crashpad\crashpad\util\file\filesystem_win.cc:128] GetFileAttributes C:\Users\Nabeel Hyder\AppData\Local\Google\Chrome\User Data\Crashpad\attachments\963149ec-8e73-4360-9677-ed302b3f71b4: The system cannot find the file specified. (0x2)
00002194	2169.34765625	[5352] [0902/042407.489:ERROR:third_party\crashpad\crashpad\util\file\filesystem_win.cc:128] GetFileAttributes C:\Users\Nabeel Hyder\AppData\Local\Google\Chrome\User Data\Crashpad\attachments\9b76d7ab-9384-40ec-ba1b-c9eb7cc4e2cf: The system cannot find the file specified. (0x2)
00002195	2169.34838867	[5352] [0902/042407.489:ERROR:third_party\crashpad\crashpad\util\file\filesystem_win.cc:128] GetFileAttributes C:\Users\Nabeel Hyder\AppData\Local\Google\Chrome\User Data\Crashpad\attachments\5d8f14d4-b507-4615-98c6-3f34139e6ed8: The system cannot find the file specified. (0x2)
00002196	2169.34887695	[5352] [0902/042407.489:ERROR:third_party\crashpad\crashpad\util\file\filesystem_win.cc:128] GetFileAttributes C:\Users\Nabeel Hyder\AppData\Local\Google\Chrome\User Data\Crashpad\attachments\05527b2f-39aa-4b42-97f4-1f9ad26909a3: The system cannot find the file specified. (0x2)
00002197	2169.34912109	[5352] [0902/042407.489:ERROR:third_party\crashpad\crashpad\util\file\filesystem_win.cc:128] GetFileAttributes C:\Users\Nabeel Hyder\AppData\Local\Google\Chrome\User Data\Crashpad\attachments\ce5849c0-ca00-4b3e-ad59-88b039787806: The system cannot find the file specified. (0x2)
00002198	2169.34936523	[5352] [0902/042407.489:ERROR:third_party\crashpad\crashpad\util\file\filesystem_win.cc:128] GetFileAttributes C:\Users\Nabeel Hyder\AppData\Local\Google\Chrome\User Data\Crashpad\attachments\44b893e8-7401-4e81-8c66-29bc0807d5f2: The system cannot find the file specified. (0x2)
00002199	2169.34960938	[5352] [0902/042407.489:ERROR:third_party\crashpad\crashpad\util\file\filesystem_win.cc:128] GetFileAttributes C:\Users\Nabeel Hyder\AppData\Local\Google\Chrome\User Data\Crashpad\attachments\eb239138-b512-446a-8067-5ee5d0ff4b57: The system cannot find the file specified. (0x2)
00002200	2169.34985352	[5352] [0902/042407.489:ERROR:third_party\crashpad\crashpad\util\file\filesystem_win.cc:128] GetFileAttributes C:\Users\Nabeel Hyder\AppData\Local\Google\Chrome\User Data\Crashpad\attachments\9c10b373-b4d3-4ea1-be12-0c4e4e5367a1: The system cannot find the file specified. (0x2)
00002201	2169.34985352	[5352] [0902/042407.489:ERROR:third_party\crashpad\crashpad\util\file\filesystem_win.cc:128] GetFileAttributes C:\Users\Nabeel Hyder\AppData\Local\Google\Chrome\User Data\Crashpad\attachments\5999d560-fd79-447e-86bd-8e1cbc603ee5: The system cannot find the file specified. (0x2)
00002202	2169.35009766	[5352] [0902/042407.489:ERROR:third_party\crashpad\crashpad\util\file\filesystem_win.cc:128] GetFileAttributes C:\Users\Nabeel Hyder\AppData\Local\Google\Chrome\User Data\Crashpad\attachments\652a85f5-6183-4e43-a53a-2a2ea36cb998: The system cannot find the file specified. (0x2)
00002203	2169.35107422	[5352] [0902/042407.489:ERROR:third_party\crashpad\crashpad\util\file\filesystem_win.cc:128] GetFileAttributes C:\Users\Nabeel Hyder\AppData\Local\Google\Chrome\User Data\Crashpad\attachments\edd2d3ad-b544-4770-805a-8636bef59914: The system cannot find the file specified. (0x2)
00002204	2169.35156250	[5352] [0902/042407.489:ERROR:third_party\crashpad\crashpad\util\file\filesystem_win.cc:128] GetFileAttributes C:\Users\Nabeel Hyder\AppData\Local\Google\Chrome\User Data\Crashpad\attachments\f0c45224-9289-4b8b-a568-9e0e21920d9b: The system cannot find the file specified. (0x2)
00002205	2169.35205078	[5352] [0902/042407.489:ERROR:third_party\crashpad\crashpad\util\file\filesystem_win.cc:128] GetFileAttributes C:\Users\Nabeel Hyder\AppData\Local\Google\Chrome\User Data\Crashpad\attachments\29d60fd4-fc12-4140-a368-b50bb1307092: The system cannot find the file specified. (0x2)
00002206	2169.35278320	[5352] [0902/042407.489:ERROR:third_party\crashpad\crashpad\util\file\filesystem_win.cc:128] GetFileAttributes C:\Users\Nabeel Hyder\AppData\Local\Google\Chrome\User Data\Crashpad\attachments\6985a85d-d16f-40ba-951a-e49febde8e92: The system cannot find the file specified. (0x2)
00002207	2169.35278320	[5352] [0902/042407.489:ERROR:third_party\crashpad\crashpad\util\file\filesystem_win.cc:128] GetFileAttributes C:\Users\Nabeel Hyder\AppData\Local\Google\Chrome\User Data\Crashpad\attachments\f2d5eccd-4e7b-46c7-8bac-fe198313684d: The system cannot find the file specified. (0x2)
00002208	2169.35327148	[5352] [0902/042407.489:ERROR:third_party\crashpad\crashpad\util\file\filesystem_win.cc:128] GetFileAttributes C:\Users\Nabeel Hyder\AppData\Local\Google\Chrome\User Data\Crashpad\attachments\8326449f-171f-4770-a623-75037f4a14cf: The system cannot find the file specified. (0x2)
00002209	2169.35351563	[5352] [0902/042407.489:ERROR:third_party\crashpad\crashpad\util\file\filesystem_win.cc:128] GetFileAttributes C:\Users\Nabeel Hyder\AppData\Local\Google\Chrome\User Data\Crashpad\attachments\bd6654db-5adf-4059-810f-791260298fb4: The system cannot find the file specified. (0x2)
00002210	2169.35424805	[5352] [0902/042407.489:ERROR:third_party\crashpad\crashpad\util\file\filesystem_win.cc:128] GetFileAttributes C:\Users\Nabeel Hyder\AppData\Local\Google\Chrome\User Data\Crashpad\attachments\8ba8991b-10f6-4a17-a9b7-fc93e726663b: The system cannot find the file specified. (0x2)
00002211	2169.35473633	[5352] [0902/042407.489:ERROR:third_party\crashpad\crashpad\util\file\filesystem_win.cc:128] GetFileAttributes C:\Users\Nabeel Hyder\AppData\Local\Google\Chrome\User Data\Crashpad\attachments\be28597e-4cfa-46b5-9cea-02b7275abe69: The system cannot find the file specified. (0x2)
00002212	2169.35498047	[5352] [0902/042407.489:ERROR:third_party\crashpad\crashpad\util\file\filesystem_win.cc:128] GetFileAttributes C:\Users\Nabeel Hyder\AppData\Local\Google\Chrome\User Data\Crashpad\attachments\7fdd287a-22fc-4f7a-8bed-2e20385a1768: The system cannot find the file specified. (0x2)
00002213	2169.35620117	[5352] [0902/042407.489:ERROR:third_party\crashpad\crashpad\util\file\filesystem_win.cc:128] GetFileAttributes C:\Users\Nabeel Hyder\AppData\Local\Google\Chrome\User Data\Crashpad\attachments\924c3592-cbd7-405b-82d5-2462b0a9f364: The system cannot find the file specified. (0x2)
00002214	2169.35668945	[5352] [0902/042407.489:ERROR:third_party\crashpad\crashpad\util\file\filesystem_win.cc:128] GetFileAttributes C:\Users\Nabeel Hyder\AppData\Local\Google\Chrome\User Data\Crashpad\attachments\0acb4699-fd87-4ee8-971f-fdefb41a9da5: The system cannot find the file specified. (0x2)
00002215	2169.35693359	[5352] [0902/042407.489:ERROR:third_party\crashpad\crashpad\util\file\filesystem_win.cc:128] GetFileAttributes C:\Users\Nabeel Hyder\AppData\Local\Google\Chrome\User Data\Crashpad\attachments\73d308e1-fe27-416b-b15f-27139f46366e: The system cannot find the file specified. (0x2)
00002216	2169.35717773	[5352] [0902/042407.489:ERROR:third_party\crashpad\crashpad\util\file\filesystem_win.cc:128] GetFileAttributes C:\Users\Nabeel Hyder\AppData\Local\Google\Chrome\User Data\Crashpad\attachments\72f3b11b-13bc-4077-9b8c-22d8b7d5f345: The system cannot find the file specified. (0x2)
00002217	2169.35742188	[5352] [0902/042407.489:ERROR:third_party\crashpad\crashpad\util\file\filesystem_win.cc:128] GetFileAttributes C:\Users\Nabeel Hyder\AppData\Local\Google\Chrome\User Data\Crashpad\attachments\c80085a8-5599-4bb7-917d-62b6c1cbdb0f: The system cannot find the file specified. (0x2)
00002218	2169.35742188	[5352] [0902/042407.489:ERROR:third_party\crashpad\crashpad\util\file\filesystem_win.cc:128] GetFileAttributes C:\Users\Nabeel Hyder\AppData\Local\Google\Chrome\User Data\Crashpad\attachments\ecd9309d-b980-42cd-80f4-0a7833a877d8: The system cannot find the file specified. (0x2)
00002219	2169.35766602	[5352] [0902/042407.489:ERROR:third_party\crashpad\crashpad\util\file\filesystem_win.cc:128] GetFileAttributes C:\Users\Nabeel Hyder\AppData\Local\Google\Chrome\User Data\Crashpad\attachments\71e5a214-0bdc-44ef-95d2-1e2da34df600: The system cannot find the file specified. (0x2)
00002220	2169.35791016	[5352] [0902/042407.489:ERROR:third_party\crashpad\crashpad\util\file\filesystem_win.cc:128] GetFileAttributes C:\Users\Nabeel Hyder\AppData\Local\Google\Chrome\User Data\Crashpad\attachments\4d951c7f-1e75-489d-a047-fd9e700c02d1: The system cannot find the file specified. (0x2)
00002221	2169.35815430	[5352] [0902/042407.489:ERROR:third_party\crashpad\crashpad\util\file\filesystem_win.cc:128] GetFileAttributes C:\Users\Nabeel Hyder\AppData\Local\Google\Chrome\User Data\Crashpad\attachments\2787069e-c400-4dfc-8a29-55125cc71c29: The system cannot find the file specified. (0x2)
00002222	2169.35937500	[5352] [0902/042407.505:ERROR:third_party\crashpad\crashpad\util\file\filesystem_win.cc:128] GetFileAttributes C:\Users\Nabeel Hyder\AppData\Local\Google\Chrome\User Data\Crashpad\attachments\be4bc3b4-c1a7-4710-9ace-686369ea4893: The system cannot find the file specified. (0x2)
00002223	2169.36010742	[5352] [0902/042407.505:ERROR:third_party\crashpad\crashpad\util\file\filesystem_win.cc:128] GetFileAttributes C:\Users\Nabeel Hyder\AppData\Local\Google\Chrome\User Data\Crashpad\attachments\210cd708-837a-48b3-acdc-d0c890dbc2dd: The system cannot find the file specified. (0x2)
00002224	2169.36059570	[5352] [0902/042407.505:ERROR:third_party\crashpad\crashpad\util\file\filesystem_win.cc:128] GetFileAttributes C:\Users\Nabeel Hyder\AppData\Local\Google\Chrome\User Data\Crashpad\attachments\c7b4cfa1-83e0-4a6c-814e-881680c7b319: The system cannot find the file specified. (0x2)
00002225	2169.36108398	[5352] [0902/042407.505:ERROR:third_party\crashpad\crashpad\util\file\filesystem_win.cc:128] GetFileAttributes C:\Users\Nabeel Hyder\AppData\Local\Google\Chrome\User Data\Crashpad\attachments\5958dcc9-c7ae-4157-b910-9cfebc868a5b: The system cannot find the file specified. (0x2)
00002226	2169.36132813	[5352] [0902/042407.505:ERROR:third_party\crashpad\crashpad\util\file\filesystem_win.cc:128] GetFileAttributes C:\Users\Nabeel Hyder\AppData\Local\Google\Chrome\User Data\Crashpad\attachments\f20b2b33-1061-4ae1-a19a-8e28c3263703: The system cannot find the file specified. (0x2)
00002227	2169.36206055	[5352] [0902/042407.505:ERROR:third_party\crashpad\crashpad\util\file\filesystem_win.cc:128] GetFileAttributes C:\Users\Nabeel Hyder\AppData\Local\Google\Chrome\User Data\Crashpad\attachments\8756d148-52f3-4770-925a-5f198b3a2d08: The system cannot find the file specified. (0x2)
00002228	2169.36254883	[5352] [0902/042407.505:ERROR:third_party\crashpad\crashpad\util\file\filesystem_win.cc:128] GetFileAttributes C:\Users\Nabeel Hyder\AppData\Local\Google\Chrome\User Data\Crashpad\attachments\fb9fd61b-0b0c-43fe-9b5e-8e507d9e4cd7: The system cannot find the file specified. (0x2)
00002229	2169.36279297	[5352] [0902/042407.505:ERROR:third_party\crashpad\crashpad\util\file\filesystem_win.cc:128] GetFileAttributes C:\Users\Nabeel Hyder\AppData\Local\Google\Chrome\User Data\Crashpad\attachments\4d2aa1ff-0c26-4d62-8848-aca6cf249137: The system cannot find the file specified. (0x2)
00002230	2169.36328125	[5352] [0902/042407.505:ERROR:third_party\crashpad\crashpad\util\file\filesystem_win.cc:128] GetFileAttributes C:\Users\Nabeel Hyder\AppData\Local\Google\Chrome\User Data\Crashpad\attachments\429cc8b9-2009-49b4-873c-883f89bad343: The system cannot find the file specified. (0x2)
00002231	2169.36376953	[5352] [0902/042407.505:ERROR:third_party\crashpad\crashpad\util\file\filesystem_win.cc:128] GetFileAttributes C:\Users\Nabeel Hyder\AppData\Local\Google\Chrome\User Data\Crashpad\attachments\d2123687-0cb3-4e86-86f1-f9fbf0498d54: The system cannot find the file specified. (0x2)
00002232	2169.36401367	[5352] [0902/042407.505:ERROR:third_party\crashpad\crashpad\util\file\filesystem_win.cc:128] GetFileAttributes C:\Users\Nabeel Hyder\AppData\Local\Google\Chrome\User Data\Crashpad\attachments\27e7d059-462b-43b9-8ef2-fb165823ea63: The system cannot find the file specified. (0x2)
00002233	2239.57495117	[35092] JsonRpc Information: 8 : 
00002234	2239.57495117	[35092] {"id":37,"method":"ExecuteQueryAsync"} 
00002235	2239.57641602	[35092] JsonRpc Information: 7 : 
00002236	2239.57641602	[35092] {"id":37} 
00002237	2239.57641602	[35092] JsonRpc Information: 11 : 
00002238	2239.57666016	[35092] Received result for request "37". 
00002239	2239.57739258	[35092] JsonRpc Information: 8 : 
00002240	2239.57739258	[35092] {"id":38,"method":"ExecuteQueryAsync"} 
00002241	2239.57836914	[35092] JsonRpc Information: 7 : 
00002242	2239.57861328	[35092] {"id":38} 
00002243	2239.57861328	[35092] JsonRpc Information: 11 : 
00002244	2239.57885742	[35092] Received result for request "38". 
00002245	2239.57934570	[35092] JsonRpc Information: 8 : 
00002246	2239.57934570	[35092] {"id":39,"method":"ExecuteQueryAsync"} 
00002247	2239.57983398	[35092] JsonRpc Information: 7 : 
00002248	2239.58007813	[35092] {"id":39} 
00002249	2239.58007813	[35092] JsonRpc Information: 11 : 
00002250	2239.58032227	[35092] Received result for request "39". 
00002251	2239.58081055	[35092] JsonRpc Information: 8 : 
00002252	2239.58081055	[35092] {"id":40,"method":"ExecuteQueryAsync"} 
00002253	2239.59448242	[35092] JsonRpc Information: 7 : 
00002254	2239.59472656	[35092] {"id":40} 
00002255	2239.59472656	[35092] JsonRpc Information: 11 : 
00002256	2239.59497070	[35092] Received result for request "40". 
00002257	2239.59643555	[35092] JsonRpc Information: 8 : 
00002258	2239.59643555	[35092] {"id":41,"method":"ExecuteQueryAsync"} 
00002259	2239.59765625	[35092] JsonRpc Information: 7 : 
00002260	2239.59765625	[35092] {"id":41} 
00002261	2239.59790039	[35092] JsonRpc Information: 11 : 
00002262	2239.59790039	[35092] Received result for request "41". 
00002263	2239.59838867	[35092] JsonRpc Information: 8 : 
00002264	2239.59863281	[35092] {"id":42,"method":"ExecuteQueryAsync"} 
00002265	2239.59912109	[35092] JsonRpc Information: 7 : 
00002266	2239.59912109	[35092] {"id":42} 
00002267	2239.59912109	[35092] JsonRpc Information: 11 : 
00002268	2239.59912109	[35092] Received result for request "42". 
00002269	2239.59985352	[35092] JsonRpc Information: 8 : 
00002270	2239.59985352	[35092] {"id":43,"method":"ExecuteQueryAsync"} 
00002271	2239.60034180	[35092] JsonRpc Information: 7 : 
00002272	2239.60034180	[35092] {"id":43} 
00002273	2239.60034180	[35092] JsonRpc Information: 11 : 
00002274	2239.60034180	[35092] Received result for request "43". 
00002275	2239.60058594	[35092] JsonRpc Information: 8 : 
00002276	2239.60083008	[35092] {"id":44,"method":"ExecuteQueryAsync"} 
00002277	2239.60131836	[35092] JsonRpc Information: 7 : 
00002278	2239.60131836	[35092] {"id":44} 
00002279	2239.60156250	[35092] JsonRpc Information: 11 : 
00002280	2239.60156250	[35092] Received result for request "44". 
00002281	2239.60278320	[35092] JsonRpc Information: 8 : 
00002282	2239.60278320	[35092] {"id":45,"method":"ExecuteQueryAsync"} 
00002283	2239.60400391	[35092] JsonRpc Information: 7 : 
00002284	2239.60400391	[35092] {"id":45} 
00002285	2239.60424805	[35092] JsonRpc Information: 11 : 
00002286	2239.60424805	[35092] Received result for request "45". 
00002287	2239.60498047	[35092] JsonRpc Information: 8 : 
00002288	2239.60498047	[35092] {"id":46,"method":"ExecuteQueryAsync"} 
00002289	2239.60571289	[35092] JsonRpc Information: 7 : 
00002290	2239.60571289	[35092] {"id":46} 
00002291	2239.60571289	[35092] JsonRpc Information: 11 : 
00002292	2239.60571289	[35092] Received result for request "46". 
00002293	2239.60644531	[35092] JsonRpc Information: 8 : 
00002294	2239.60644531	[35092] {"id":47,"method":"ExecuteQueryAsync"} 
00002295	2239.60693359	[35092] JsonRpc Information: 7 : 
00002296	2239.60693359	[35092] {"id":47} 
00002297	2239.60693359	[35092] JsonRpc Information: 11 : 
00002298	2239.60693359	[35092] Received result for request "47". 
00002299	2239.60742188	[35092] JsonRpc Information: 8 : 
00002300	2239.60742188	[35092] {"id":48,"method":"ExecuteQueryAsync"} 
00002301	2239.60791016	[35092] JsonRpc Information: 7 : 
00002302	2239.60791016	[35092] {"id":48} 
00002303	2239.60791016	[35092] JsonRpc Information: 11 : 
00002304	2239.60791016	[35092] Received result for request "48". 
00002305	2239.60864258	[35092] JsonRpc Information: 8 : 
00002306	2239.60864258	[35092] {"id":49,"method":"ExecuteQueryAsync"} 
00002307	2239.60913086	[35092] JsonRpc Information: 7 : 
00002308	2239.60913086	[35092] {"id":49} 
00002309	2239.60913086	[35092] JsonRpc Information: 11 : 
00002310	2239.60913086	[35092] Received result for request "49". 
00002311	2239.60961914	[35092] JsonRpc Information: 8 : 
00002312	2239.60961914	[35092] {"id":50,"method":"ExecuteQueryAsync"} 
00002313	2239.61010742	[35092] JsonRpc Information: 7 : 
00002314	2239.61035156	[35092] {"id":50} 
00002315	2239.61035156	[35092] JsonRpc Information: 11 : 
00002316	2239.61035156	[35092] Received result for request "50". 
00002317	2239.61059570	[35092] JsonRpc Information: 8 : 
00002318	2239.61083984	[35092] {"id":51,"method":"ExecuteQueryAsync"} 
00002319	2239.61132813	[35092] JsonRpc Information: 7 : 
00002320	2239.61132813	[35092] {"id":51} 
00002321	2239.61157227	[35092] JsonRpc Information: 11 : 
00002322	2239.61157227	[35092] Received result for request "51". 
00002323	2239.61181641	[35092] JsonRpc Information: 8 : 
00002324	2239.61181641	[35092] {"id":52,"method":"ExecuteQueryAsync"} 
00002325	2239.61230469	[35092] JsonRpc Information: 7 : 
00002326	2239.61254883	[35092] {"id":52} 
00002327	2239.61254883	[35092] JsonRpc Information: 11 : 
00002328	2239.61254883	[35092] Received result for request "52". 
00002329	2239.61303711	[35092] JsonRpc Information: 8 : 
00002330	2239.61303711	[35092] {"id":53,"method":"ExecuteQueryAsync"} 
00002331	2239.61352539	[35092] JsonRpc Information: 7 : 
00002332	2239.61352539	[35092] {"id":53} 
00002333	2239.61352539	[35092] JsonRpc Information: 11 : 
00002334	2239.61352539	[35092] Received result for request "53". 
00002335	2261.88647461	[5480] [0902/042540.031:ERROR:third_party\crashpad\crashpad\util\file\filesystem_win.cc:128] GetFileAttributes C:\Users\Nabeel Hyder\AppData\Roaming\Slack\Crashpad\attachments\e8e13665-f870-4681-91f6-02d7f6213223: The system cannot find the file specified. (0x2)
00002336	2261.88696289	[5480] [0902/042540.031:ERROR:third_party\crashpad\crashpad\util\file\filesystem_win.cc:128] GetFileAttributes C:\Users\Nabeel Hyder\AppData\Roaming\Slack\Crashpad\attachments\b54e1194-56b3-4958-a5b2-7aa5ae426859: The system cannot find the file specified. (0x2)
00002337	2264.01660156	[35092] JsonRpc Warning: 5 : 
00002338	2264.01660156	[35092] No target methods are registered that match "NotificationReceived". 
00002339	2264.24853516	[35092] JsonRpc Warning: 5 : 
00002340	2264.24902344	[35092] No target methods are registered that match "NotificationReceived". 
00002341	2264.24926758	[35092] JsonRpc Warning: 5 : 
00002342	2264.25024414	[35092] No target methods are registered that match "NotificationReceived". 
00002343	2274.23583984	[19392] [0902/042552.382:ERROR:third_party\crashpad\crashpad\util\file\filesystem_win.cc:128] GetFileAttributes C:\Users\Nabeel Hyder\AppData\Local\Packages\OpenAI.ChatGPT-Desktop_2p2nqsd0c76g0\LocalCache\Roaming\ChatGPT\Crashpad\attachments\7982f324-067c-492a-955d-6619cabb6564: The system cannot find the file specified. (0x2)
00002344	2274.23657227	[19392] [0902/042552.383:ERROR:third_party\crashpad\crashpad\util\file\filesystem_win.cc:128] GetFileAttributes C:\Users\Nabeel Hyder\AppData\Local\Packages\OpenAI.ChatGPT-Desktop_2p2nqsd0c76g0\LocalCache\Roaming\ChatGPT\Crashpad\attachments\ce21149c-d346-4dcc-a108-d8eacba4e22c: The system cannot find the file specified. (0x2)
00002345	2312.53857422	[35092] JsonRpc Information: 8 : 
00002346	2312.53881836	[35092] {"id":54,"method":"ExecuteQueryAsync"} 
00002347	2312.56347656	[35092] JsonRpc Information: 7 : 
00002348	2312.56372070	[35092] {"id":54} 
00002349	2312.56396484	[35092] JsonRpc Information: 11 : 
00002350	2312.56420898	[35092] Received result for request "54". 
00002351	2380.02539063	[35092] JsonRpc Information: 8 : 
00002352	2380.02563477	[35092] {"id":55,"method":"ExecuteQueryAsync"} 
00002353	2380.02734375	[35092] JsonRpc Information: 7 : 
00002354	2380.02758789	[35092] {"id":55} 
00002355	2380.02758789	[35092] JsonRpc Information: 11 : 
00002356	2380.02758789	[35092] Received result for request "55". 
00002357	2389.88134766	[20304] JsonRpc Warning: 5 : 
00002358	2389.88159180	[20304] No target methods are registered that match "NotificationReceived". 
00002359	2389.96264648	[35092] JsonRpc Information: 8 : 
00002360	2389.96264648	[35092] {"id":56,"method":"ExecuteQueryAsync"} 
00002361	2390.10253906	[35092] JsonRpc Information: 7 : 
00002362	2390.10278320	[35092] {"id":56} 
00002363	2390.10278320	[35092] JsonRpc Information: 11 : 
00002364	2390.10278320	[35092] Received result for request "56". 
00002365	2394.15087891	[35092] JsonRpc Warning: 5 : 
00002366	2394.15112305	[35092] No target methods are registered that match "NotificationReceived". 
00002367	2394.15136719	[35092] JsonRpc Warning: 5 : 
00002368	2394.15136719	[35092] No target methods are registered that match "NotificationReceived". 
00002369	2394.15136719	[35092] JsonRpc Warning: 5 : 
00002370	2394.15161133	[35092] No target methods are registered that match "NotificationReceived". 
00002371	2400.91625977	[35092] JsonRpc Warning: 5 : 
00002372	2400.91650391	[35092] No target methods are registered that match "NotificationReceived". 
00002373	2400.91650391	[35092] JsonRpc Warning: 5 : 
00002374	2400.91650391	[35092] No target methods are registered that match "NotificationReceived". 
00002375	2400.91699219	[35092] JsonRpc Warning: 5 : 
00002376	2400.92065430	[35092] No target methods are registered that match "NotificationReceived". 
00002377	2429.85791016	[35092] JsonRpc Information: 8 : 
00002378	2429.85791016	[35092] {"id":57,"method":"ExecuteQueryAsync"} 
00002379	2429.85937500	[35092] JsonRpc Information: 7 : 
00002380	2429.85937500	[35092] {"id":57} 
00002381	2429.85961914	[35092] JsonRpc Information: 11 : 
00002382	2429.85986328	[35092] Received result for request "57". 
00002383	2508.74780273	[35092] JsonRpc Information: 8 : 
00002384	2508.74804688	[35092] {"id":58,"method":"ExecuteQueryAsync"} 
00002385	2508.74951172	[35092] JsonRpc Information: 7 : 
00002386	2508.74975586	[35092] {"id":58} 
00002387	2508.74975586	[35092] JsonRpc Information: 11 : 
00002388	2508.75000000	[35092] Received result for request "58". 
00002389	2512.49121094	[35092] JsonRpc Warning: 5 : 
00002390	2512.49121094	[35092] No target methods are registered that match "NotificationReceived". 
00002391	2512.49145508	[35092] JsonRpc Warning: 5 : 
00002392	2512.49169922	[35092] No target methods are registered that match "NotificationReceived". 
00002393	2512.49218750	[35092] JsonRpc Warning: 5 : 
00002394	2512.49218750	[35092] No target methods are registered that match "NotificationReceived". 
00002395	2530.62304688	[35092] JsonRpc Information: 7 : 
00002396	2530.62304688	[35092] {"id":7,"method":"OnShowAsync"} 
00002397	2530.62304688	[35092] JsonRpc Information: 6 : 
00002398	2530.62377930	[35092] Received request "7" for method "OnShowAsync". 
00002399	2530.62451172	[35092] JsonRpc Information: 9 : 
00002400	2530.62500000	[35092] Invoking Microsoft.VisualStudio.Extensibility.ToolWindows.Implementation.ToolWindowProvider.OnShowAsync(String, CancellationToken) 
00002401	2530.62500000	[35092] JsonRpc Information: 8 : 
00002402	2530.62548828	[35092] {"id":7} 
00002403	2573.39721680	[35092] JsonRpc Information: 8 : 
00002404	2573.39746094	[35092] {"id":59,"method":"ExecuteQueryAsync"} 
00002405	2573.39965820	[35092] JsonRpc Information: 7 : 
00002406	2573.39965820	[35092] {"id":59} 
00002407	2573.39990234	[35092] JsonRpc Information: 11 : 
00002408	2573.39990234	[35092] Received result for request "59". 
00002409	2573.42285156	[35092] A compatible .NET SDK was not found.
00002410	2573.42285156	[35092] 
00002411	2573.42285156	[35092] Requested SDK version: 8.0.400
00002412	2573.42309570	[35092] global.json file: C:\Users\Nabeel Hyder\MegaWattLaserController\MegaWattLaserController\global.json
00002413	2573.42309570	[35092] 
00002414	2573.42309570	[35092] Installed SDKs:
00002415	2573.42456055	[35092] Install the [8.0.400] .NET SDK or update [C:\Users\Nabeel Hyder\MegaWattLaserController\MegaWattLaserController\global.json] to match an installed SDK.
00002416	2573.42480469	[35092] 
00002417	2573.42480469	[35092] Learn about SDK resolution:
00002418	2573.42480469	[35092] https://aka.ms/dotnet/sdk-not-found
00002419	2573.43847656	[35092] A compatible .NET SDK was not found.
00002420	2573.43847656	[35092] 
00002421	2573.43847656	[35092] Requested SDK version: 8.0.400
00002422	2573.43872070	[35092] global.json file: C:\Users\Nabeel Hyder\MegaWattLaserController\MegaWattLaserController\global.json
00002423	2573.43872070	[35092] 
00002424	2573.43872070	[35092] Installed SDKs:
00002425	2573.43920898	[35092] Install the [8.0.400] .NET SDK or update [C:\Users\Nabeel Hyder\MegaWattLaserController\MegaWattLaserController\global.json] to match an installed SDK.
00002426	2573.43920898	[35092] 
00002427	2573.43920898	[35092] Learn about SDK resolution:
00002428	2573.43920898	[35092] https://aka.ms/dotnet/sdk-not-found
00002429	2573.44287109	[35092] A compatible .NET SDK was not found.
00002430	2573.44287109	[35092] 
00002431	2573.44287109	[35092] Requested SDK version: 8.0.400
00002432	2573.44311523	[35092] global.json file: C:\Users\Nabeel Hyder\MegaWattLaserController\MegaWattLaserController\global.json
00002433	2573.44311523	[35092] 
00002434	2573.44311523	[35092] Installed SDKs:
00002435	2573.44360352	[35092] Install the [8.0.400] .NET SDK or update [C:\Users\Nabeel Hyder\MegaWattLaserController\MegaWattLaserController\global.json] to match an installed SDK.
00002436	2573.44360352	[35092] 
00002437	2573.44360352	[35092] Learn about SDK resolution:
00002438	2573.44360352	[35092] https://aka.ms/dotnet/sdk-not-found
00002439	2573.50390625	[35092] A compatible .NET SDK was not found.
00002440	2573.50390625	[35092] 
00002441	2573.50390625	[35092] Requested SDK version: 8.0.400
00002442	2573.50390625	[35092] global.json file: C:\Users\Nabeel Hyder\MegaWattLaserController\MegaWattLaserController\global.json
00002443	2573.50390625	[35092] 
00002444	2573.50390625	[35092] Installed SDKs:
00002445	2573.50415039	[35092] Install the [8.0.400] .NET SDK or update [C:\Users\Nabeel Hyder\MegaWattLaserController\MegaWattLaserController\global.json] to match an installed SDK.
00002446	2573.50415039	[35092] 
00002447	2573.50415039	[35092] Learn about SDK resolution:
00002448	2573.50415039	[35092] https://aka.ms/dotnet/sdk-not-found
00002449	2584.03491211	[20304] JsonRpc Warning: 5 : 
00002450	2584.03491211	[20304] No target methods are registered that match "NotificationReceived". 
00002451	2584.06860352	[35092] JsonRpc Information: 8 : 
00002452	2584.06860352	[35092] {"id":60,"method":"ExecuteQueryAsync"} 
00002453	2584.21142578	[35092] JsonRpc Information: 7 : 
00002454	2584.21166992	[35092] {"id":60} 
00002455	2584.21191406	[35092] JsonRpc Information: 11 : 
00002456	2584.21215820	[35092] Received result for request "60". 
00002457	2584.30249023	[23820] The command could not be loaded, possibly because:
00002458	2584.30249023	[23820]   * You intended to execute a .NET application:
00002459	2584.30249023	[23820]       The application 'build' does not exist.
00002460	2584.30249023	[23820]   * You intended to execute a .NET SDK command:
00002461	2584.30273438	[23820]       A compatible .NET SDK was not found.
00002462	2584.30273438	[23820] 
00002463	2584.30273438	[23820] Requested SDK version: 8.0.400
00002464	2584.30273438	[23820] global.json file: C:\Users\Nabeel Hyder\MegaWattLaserController\MegaWattLaserController\global.json
00002465	2584.30273438	[23820] 
00002466	2584.30273438	[23820] Installed SDKs:
00002467	2584.30346680	[23820] Install the [8.0.400] .NET SDK or update [C:\Users\Nabeel Hyder\MegaWattLaserController\MegaWattLaserController\global.json] to match an installed SDK.
00002468	2584.30346680	[23820] 
00002469	2584.30346680	[23820] Learn about SDK resolution:
00002470	2584.30346680	[23820] https://aka.ms/dotnet/sdk-not-found
00002471	2630.70996094	[35092] JsonRpc Information: 8 : 
00002472	2630.71020508	[35092] {"id":61,"method":"ExecuteQueryAsync"} 
00002473	2630.71240234	[35092] JsonRpc Information: 7 : 
00002474	2630.71240234	[35092] {"id":61} 
00002475	2630.71240234	[35092] JsonRpc Information: 11 : 
00002476	2630.71264648	[35092] Received result for request "61". 
00002477	2631.77709961	[35092] A compatible .NET SDK was not found.
00002478	2631.77709961	[35092] 
00002479	2631.77709961	[35092] Requested SDK version: 8.0.400
00002480	2631.77709961	[35092] global.json file: C:\Users\Nabeel Hyder\MegaWattLaserController\MegaWattLaserController\global.json
00002481	2631.77709961	[35092] 
00002482	2631.77709961	[35092] Installed SDKs:
00002483	2631.77734375	[35092] Install the [8.0.400] .NET SDK or update [C:\Users\Nabeel Hyder\MegaWattLaserController\MegaWattLaserController\global.json] to match an installed SDK.
00002484	2631.77734375	[35092] 
00002485	2631.77734375	[35092] Learn about SDK resolution:
00002486	2631.77734375	[35092] https://aka.ms/dotnet/sdk-not-found
00002487	2639.63842773	[20304] JsonRpc Warning: 5 : 
00002488	2639.63867188	[20304] No target methods are registered that match "NotificationReceived". 
00002489	2639.67431641	[35092] JsonRpc Information: 8 : 
00002490	2639.67456055	[35092] {"id":62,"method":"ExecuteQueryAsync"} 
00002491	2639.78833008	[35092] JsonRpc Information: 7 : 
00002492	2639.78833008	[35092] {"id":62} 
00002493	2639.78833008	[35092] JsonRpc Information: 11 : 
00002494	2639.78857422	[35092] Received result for request "62". 
00002495	2649.42651367	[35092] JsonRpc Information: 8 : 
00002496	2649.42651367	[35092] {"id":63,"method":"ExecuteQueryAsync"} 
00002497	2649.42797852	[35092] JsonRpc Information: 7 : 
00002498	2649.42797852	[35092] {"id":63} 
00002499	2649.42797852	[35092] JsonRpc Information: 11 : 
00002500	2649.42797852	[35092] Received result for request "63". 
00002501	2653.19946289	[35092] JsonRpc Warning: 5 : 
00002502	2653.19970703	[35092] No target methods are registered that match "NotificationReceived". 
00002503	2653.19995117	[35092] JsonRpc Warning: 5 : 
00002504	2653.19995117	[35092] No target methods are registered that match "NotificationReceived". 
00002505	2653.20068359	[35092] JsonRpc Warning: 5 : 
00002506	2653.20068359	[35092] No target methods are registered that match "NotificationReceived". 
00002507	2734.21435547	[35092] JsonRpc Information: 8 : 
00002508	2734.21459961	[35092] {"id":64,"method":"ExecuteQueryAsync"} 
00002509	2734.21582031	[35092] JsonRpc Information: 7 : 
00002510	2734.21582031	[35092] {"id":64} 
00002511	2734.21582031	[35092] JsonRpc Information: 11 : 
00002512	2734.21582031	[35092] Received result for request "64". 
00002513	2736.79418945	[35092] JsonRpc Information: 8 : 
00002514	2736.79443359	[35092] {"id":65,"method":"ExecuteQueryAsync"} 
00002515	2736.79614258	[35092] JsonRpc Information: 7 : 
00002516	2736.79638672	[35092] {"id":65} 
00002517	2736.79638672	[35092] JsonRpc Information: 11 : 
00002518	2736.79687500	[35092] Received result for request "65". 
00002519	2737.01928711	[20304] JsonRpc Warning: 5 : 
00002520	2737.02075195	[20304] No target methods are registered that match "NotificationReceived". 
00002521	2737.05273438	[35092] JsonRpc Information: 8 : 
00002522	2737.05297852	[35092] {"id":66,"method":"ExecuteQueryAsync"} 
00002523	2737.05395508	[35092] JsonRpc Information: 7 : 
00002524	2737.05419922	[35092] {"id":66} 
00002525	2737.05444336	[35092] JsonRpc Information: 11 : 
00002526	2737.05444336	[35092] Received result for request "66". 
00002527	2737.05712891	[35092] JsonRpc Information: 8 : 
00002528	2737.05712891	[35092] {"id":67,"method":"ExecuteRemoteExecutableAsync"} 
00002529	2737.06274414	[35092] JsonRpc Information: 7 : 
00002530	2737.06323242	[35092] {"id":67} 
00002531	2737.06372070	[35092] JsonRpc Information: 11 : 
00002532	2737.06420898	[35092] Received result for request "67". 
00002533	2737.06689453	[35092] JsonRpc Information: 8 : 
00002534	2737.06689453	[35092] {"id":68,"method":"ExecuteRemoteExecutableAsync"} 
00002535	2737.06811523	[35092] JsonRpc Information: 7 : 
00002536	2737.06811523	[35092] {"id":68} 
00002537	2737.06811523	[35092] JsonRpc Information: 11 : 
00002538	2737.06811523	[35092] Received result for request "68". 
00002539	2739.17187500	[35092] JsonRpc Information: 8 : 
00002540	2739.17236328	[35092] {"id":69,"method":"ExecuteQueryAsync"} 
00002541	2739.21093750	[35092] JsonRpc Information: 7 : 
00002542	2739.21093750	[35092] {"id":69} 
00002543	2739.21118164	[35092] JsonRpc Information: 11 : 
00002544	2739.21142578	[35092] Received result for request "69". 
00002545	2739.21313477	[35092] JsonRpc Information: 8 : 
00002546	2739.21337891	[35092] {"id":70,"method":"ExecuteQueryAsync"} 
00002547	2739.21484375	[35092] JsonRpc Information: 7 : 
00002548	2739.21484375	[35092] {"id":70} 
00002549	2739.21484375	[35092] JsonRpc Information: 11 : 
00002550	2739.21508789	[35092] Received result for request "70". 
00002551	2739.21606445	[35092] JsonRpc Information: 8 : 
00002552	2739.21630859	[35092] {"id":71,"method":"ExecuteRemoteExecutableAsync"} 
00002553	2739.21850586	[35092] JsonRpc Information: 7 : 
00002554	2739.21875000	[35092] {"id":71} 
00002555	2739.21875000	[35092] JsonRpc Information: 11 : 
00002556	2739.21923828	[35092] Received result for request "71". 
00002557	2739.21997070	[35092] JsonRpc Information: 8 : 
00002558	2739.21997070	[35092] {"id":72,"method":"ExecuteRemoteExecutableAsync"} 
00002559	2739.22119141	[35092] JsonRpc Information: 7 : 
00002560	2739.22119141	[35092] {"id":72} 
00002561	2739.22143555	[35092] JsonRpc Information: 11 : 
00002562	2739.22143555	[35092] Received result for request "72". 
00002563	2784.40795898	[728] [0902/043422.551:ERROR:third_party\crashpad\crashpad\util\file\filesystem_win.cc:128] GetFileAttributes C:\Users\Nabeel Hyder\AppData\Local\Microsoft\Edge\User Data\Crashpad\attachments\f953e348-cc91-4787-9868-4bcd0ab8a8d8: The system cannot find the file specified. (0x2)
00002564	2784.40869141	[728] [0902/043422.551:ERROR:third_party\crashpad\crashpad\util\file\filesystem_win.cc:128] GetFileAttributes C:\Users\Nabeel Hyder\AppData\Local\Microsoft\Edge\User Data\Crashpad\attachments\b6cc1cfd-91fb-4cae-9ebb-ffc5e4d604ef: The system cannot find the file specified. (0x2)
00002565	2784.40917969	[728] [0902/043422.551:ERROR:third_party\crashpad\crashpad\util\file\filesystem_win.cc:128] GetFileAttributes C:\Users\Nabeel Hyder\AppData\Local\Microsoft\Edge\User Data\Crashpad\attachments\6ca1afb9-e9f8-4a13-8ea7-67b42f0652e9: The system cannot find the file specified. (0x2)
00002566	2875.10498047	[20304] JsonRpc Warning: 5 : 
00002567	2875.10546875	[20304] No target methods are registered that match "NotificationReceived". 
00002568	2875.19360352	[20304] JsonRpc Warning: 5 : 
00002569	2875.19360352	[20304] No target methods are registered that match "NotificationReceived". 
00002570	2875.23583984	[20304] JsonRpc Warning: 5 : 
00002571	2875.23583984	[20304] No target methods are registered that match "NotificationReceived". 
00002572	2875.28540039	[20304] JsonRpc Warning: 5 : 
00002573	2875.28540039	[20304] No target methods are registered that match "NotificationReceived". 
00002574	2875.32788086	[20304] JsonRpc Warning: 5 : 
00002575	2875.32788086	[20304] No target methods are registered that match "NotificationReceived". 
00002576	2877.53930664	[35092] JsonRpc Warning: 5 : 
00002577	2877.53955078	[35092] No target methods are registered that match "NotificationReceived". 
00002578	2877.53979492	[35092] JsonRpc Warning: 5 : 
00002579	2877.53979492	[35092] No target methods are registered that match "NotificationReceived". 
00002580	2877.54003906	[35092] JsonRpc Warning: 5 : 
00002581	2877.54028320	[35092] No target methods are registered that match "NotificationReceived". 
00002582	2914.38403320	[35092] JsonRpc Warning: 5 : 
00002583	2914.38427734	[35092] No target methods are registered that match "NotificationReceived". 
00002584	2914.62670898	[35092] JsonRpc Warning: 5 : 
00002585	2914.62670898	[35092] No target methods are registered that match "NotificationReceived". 
00002586	2914.62695313	[35092] JsonRpc Warning: 5 : 
00002587	2914.62719727	[35092] No target methods are registered that match "NotificationReceived". 
00002588	2927.10815430	[35092] JsonRpc Warning: 5 : 
00002589	2927.10815430	[35092] No target methods are registered that match "NotificationReceived". 
00002590	2927.32934570	[35092] JsonRpc Warning: 5 : 
00002591	2927.32934570	[35092] No target methods are registered that match "NotificationReceived". 
00002592	2927.32958984	[35092] JsonRpc Warning: 5 : 
00002593	2927.32958984	[35092] No target methods are registered that match "NotificationReceived". 
00002594	2936.71704102	[35092] JsonRpc Warning: 5 : 
00002595	2936.71728516	[35092] No target methods are registered that match "NotificationReceived". 
00002596	2938.27612305	[35092] JsonRpc Warning: 5 : 
00002597	2938.27636719	[35092] No target methods are registered that match "NotificationReceived". 
00002598	2938.27636719	[35092] JsonRpc Warning: 5 : 
00002599	2938.27636719	[35092] No target methods are registered that match "NotificationReceived". 
00002600	2943.59716797	[35092] JsonRpc Warning: 5 : 
00002601	2943.59716797	[35092] No target methods are registered that match "NotificationReceived". 
00002602	2972.83349609	[20304] JsonRpc Warning: 5 : 
00002603	2972.83349609	[20304] No target methods are registered that match "NotificationReceived". 
00002604	2985.10327148	[35092] JsonRpc Information: 7 : 
00002605	2985.10327148	[35092] {"id":8,"method":"OnShowAsync"} 
00002606	2985.10351563	[35092] JsonRpc Information: 6 : 
00002607	2985.10375977	[35092] Received request "8" for method "OnShowAsync". 
00002608	2985.10400391	[35092] JsonRpc Information: 9 : 
00002609	2985.10400391	[35092] Invoking Microsoft.VisualStudio.Extensibility.ToolWindows.Implementation.ToolWindowProvider.OnShowAsync(String, CancellationToken) 
00002610	2985.10449219	[35092] JsonRpc Information: 8 : 
00002611	2985.10449219	[35092] {"id":8} 
00002612	3010.41674805	[35092] JsonRpc Information: 8 : 
00002613	3010.41674805	[35092] {"id":73,"method":"ExecuteQueryAsync"} 
00002614	3010.41772461	[35092] JsonRpc Information: 7 : 
00002615	3010.41796875	[35092] {"id":73} 
00002616	3010.41796875	[35092] JsonRpc Information: 11 : 
00002617	3010.41796875	[35092] Received result for request "73". 
00002618	3010.41845703	[35092] JsonRpc Information: 8 : 
00002619	3010.41870117	[35092] {"id":74,"method":"ExecuteQueryAsync"} 
00002620	3010.41918945	[35092] JsonRpc Information: 7 : 
00002621	3010.41918945	[35092] {"id":74} 
00002622	3010.41918945	[35092] JsonRpc Information: 11 : 
00002623	3010.41918945	[35092] Received result for request "74". 
00002624	3010.41992188	[35092] JsonRpc Information: 8 : 
00002625	3010.41992188	[35092] {"id":75,"method":"ExecuteQueryAsync"} 
00002626	3010.42065430	[35092] JsonRpc Information: 7 : 
00002627	3010.42065430	[35092] {"id":75} 
00002628	3010.42065430	[35092] JsonRpc Information: 11 : 
00002629	3010.42089844	[35092] Received result for request "75". 
00002630	3010.42187500	[35092] JsonRpc Information: 8 : 
00002631	3010.42187500	[35092] {"id":76,"method":"ExecuteQueryAsync"} 
00002632	3010.42285156	[35092] JsonRpc Information: 7 : 
00002633	3010.42285156	[35092] {"id":76} 
00002634	3010.42309570	[35092] JsonRpc Information: 11 : 
00002635	3010.42309570	[35092] Received result for request "76". 
00002636	3010.42407227	[35092] JsonRpc Information: 8 : 
00002637	3010.42407227	[35092] {"id":77,"method":"ExecuteQueryAsync"} 
00002638	3010.42529297	[35092] JsonRpc Information: 7 : 
00002639	3010.42529297	[35092] {"id":77} 
00002640	3010.42553711	[35092] JsonRpc Information: 11 : 
00002641	3010.42553711	[35092] Received result for request "77". 
00002642	3010.42651367	[35092] JsonRpc Information: 8 : 
00002643	3010.42651367	[35092] {"id":78,"method":"ExecuteQueryAsync"} 
00002644	3010.42749023	[35092] JsonRpc Information: 7 : 
00002645	3010.42749023	[35092] {"id":78} 
00002646	3010.42749023	[35092] JsonRpc Information: 11 : 
00002647	3010.42749023	[35092] Received result for request "78". 
00002648	3010.42919922	[35092] JsonRpc Information: 8 : 
00002649	3010.42919922	[35092] {"id":79,"method":"ExecuteQueryAsync"} 
00002650	3010.42993164	[35092] JsonRpc Information: 7 : 
00002651	3010.42993164	[35092] {"id":79} 
00002652	3010.42993164	[35092] JsonRpc Information: 11 : 
00002653	3010.42993164	[35092] Received result for request "79". 
00002654	3010.43041992	[35092] JsonRpc Information: 8 : 
00002655	3010.43066406	[35092] {"id":80,"method":"ExecuteQueryAsync"} 
00002656	3010.43090820	[35092] JsonRpc Information: 7 : 
00002657	3010.43115234	[35092] {"id":80} 
00002658	3010.43115234	[35092] JsonRpc Information: 11 : 
00002659	3010.43115234	[35092] Received result for request "80". 
00002660	3010.43164063	[35092] JsonRpc Information: 8 : 
00002661	3010.43164063	[35092] {"id":81,"method":"ExecuteQueryAsync"} 
00002662	3010.43212891	[35092] JsonRpc Information: 7 : 
00002663	3010.43212891	[35092] {"id":81} 
00002664	3010.43212891	[35092] JsonRpc Information: 11 : 
00002665	3010.43212891	[35092] Received result for request "81". 
00002666	3010.43261719	[35092] JsonRpc Information: 8 : 
00002667	3010.43261719	[35092] {"id":82,"method":"ExecuteQueryAsync"} 
00002668	3010.43334961	[35092] JsonRpc Information: 7 : 
00002669	3010.43334961	[35092] {"id":82} 
00002670	3010.43334961	[35092] JsonRpc Information: 11 : 
00002671	3010.43334961	[35092] Received result for request "82". 
00002672	3010.44824219	[35092] JsonRpc Information: 8 : 
00002673	3010.44824219	[35092] {"id":83,"method":"ExecuteQueryAsync"} 
00002674	3010.45654297	[35092] JsonRpc Information: 7 : 
00002675	3010.45654297	[35092] {"id":83} 
00002676	3010.45654297	[35092] JsonRpc Information: 11 : 
00002677	3010.45678711	[35092] Received result for request "83". 
00002678	3010.45727539	[35092] JsonRpc Information: 8 : 
00002679	3010.45727539	[35092] {"id":84,"method":"ExecuteQueryAsync"} 
00002680	3010.45825195	[35092] JsonRpc Information: 7 : 
00002681	3010.45849609	[35092] {"id":84} 
00002682	3010.45849609	[35092] JsonRpc Information: 11 : 
00002683	3010.45849609	[35092] Received result for request "84". 
00002684	3010.45898438	[35092] JsonRpc Information: 8 : 
00002685	3010.45898438	[35092] {"id":85,"method":"ExecuteQueryAsync"} 
00002686	3010.45947266	[35092] JsonRpc Information: 7 : 
00002687	3010.45971680	[35092] {"id":85} 
00002688	3010.45971680	[35092] JsonRpc Information: 11 : 
00002689	3010.45971680	[35092] Received result for request "85". 
00002690	3010.45996094	[35092] JsonRpc Information: 8 : 
00002691	3010.45996094	[35092] {"id":86,"method":"ExecuteQueryAsync"} 
00002692	3010.46069336	[35092] JsonRpc Information: 7 : 
00002693	3010.46069336	[35092] {"id":86} 
00002694	3010.46069336	[35092] JsonRpc Information: 11 : 
00002695	3010.46093750	[35092] Received result for request "86". 
00002696	3010.46118164	[35092] JsonRpc Information: 8 : 
00002697	3010.46118164	[35092] {"id":87,"method":"ExecuteQueryAsync"} 
00002698	3010.46166992	[35092] JsonRpc Information: 7 : 
00002699	3010.46191406	[35092] {"id":87} 
00002700	3010.46191406	[35092] JsonRpc Information: 11 : 
00002701	3010.46191406	[35092] Received result for request "87". 
00002702	3010.46240234	[35092] JsonRpc Information: 8 : 
00002703	3010.46240234	[35092] {"id":88,"method":"ExecuteQueryAsync"} 
00002704	3010.46289063	[35092] JsonRpc Information: 7 : 
00002705	3010.46289063	[35092] {"id":88} 
00002706	3010.46289063	[35092] JsonRpc Information: 11 : 
00002707	3010.46289063	[35092] Received result for request "88". 
00002708	3010.46337891	[35092] JsonRpc Information: 8 : 
00002709	3010.46337891	[35092] {"id":89,"method":"ExecuteQueryAsync"} 
00002710	3010.46386719	[35092] JsonRpc Information: 7 : 
00002711	3010.46386719	[35092] {"id":89} 
00002712	3010.46386719	[35092] JsonRpc Information: 11 : 
00002713	3010.46386719	[35092] Received result for request "89". 
00002714	3069.36987305	[5352] [0902/043907.516:ERROR:third_party\crashpad\crashpad\util\file\filesystem_win.cc:128] GetFileAttributes C:\Users\Nabeel Hyder\AppData\Local\Google\Chrome\User Data\Crashpad\attachments\3ccd99b0-c7c4-413a-b818-beb255f16aba: The system cannot find the file specified. (0x2)
00002715	3069.37036133	[5352] [0902/043907.516:ERROR:third_party\crashpad\crashpad\util\file\filesystem_win.cc:128] GetFileAttributes C:\Users\Nabeel Hyder\AppData\Local\Google\Chrome\User Data\Crashpad\attachments\0359c66b-c5d9-42fa-bba9-eb58a623b58a: The system cannot find the file specified. (0x2)
00002716	3069.37084961	[5352] [0902/043907.517:ERROR:third_party\crashpad\crashpad\util\file\filesystem_win.cc:128] GetFileAttributes C:\Users\Nabeel Hyder\AppData\Local\Google\Chrome\User Data\Crashpad\attachments\4ede1c49-c9e5-41f2-90d4-29a9323b0544: The system cannot find the file specified. (0x2)
00002717	3069.37109375	[5352] [0902/043907.517:ERROR:third_party\crashpad\crashpad\util\file\filesystem_win.cc:128] GetFileAttributes C:\Users\Nabeel Hyder\AppData\Local\Google\Chrome\User Data\Crashpad\attachments\b3a21853-6170-4072-b16f-480d75df6dae: The system cannot find the file specified. (0x2)
00002718	3069.37182617	[5352] [0902/043907.517:ERROR:third_party\crashpad\crashpad\util\file\filesystem_win.cc:128] GetFileAttributes C:\Users\Nabeel Hyder\AppData\Local\Google\Chrome\User Data\Crashpad\attachments\b686ff2a-b6d2-476d-9c1b-6bd1ebc79f0b: The system cannot find the file specified. (0x2)
00002719	3069.37207031	[5352] [0902/043907.518:ERROR:third_party\crashpad\crashpad\util\file\filesystem_win.cc:128] GetFileAttributes C:\Users\Nabeel Hyder\AppData\Local\Google\Chrome\User Data\Crashpad\attachments\6545279d-efbf-4f74-aa1e-d02dcec9e3e4: The system cannot find the file specified. (0x2)
00002720	3069.37231445	[5352] [0902/043907.518:ERROR:third_party\crashpad\crashpad\util\file\filesystem_win.cc:128] GetFileAttributes C:\Users\Nabeel Hyder\AppData\Local\Google\Chrome\User Data\Crashpad\attachments\17e2d7e8-17c0-4f28-83b7-78613e385583: The system cannot find the file specified. (0x2)
00002721	3069.37255859	[5352] [0902/043907.518:ERROR:third_party\crashpad\crashpad\util\file\filesystem_win.cc:128] GetFileAttributes C:\Users\Nabeel Hyder\AppData\Local\Google\Chrome\User Data\Crashpad\attachments\df3fc448-7bc4-4b25-a556-90290e476879: The system cannot find the file specified. (0x2)
00002722	3069.37280273	[5352] [0902/043907.518:ERROR:third_party\crashpad\crashpad\util\file\filesystem_win.cc:128] GetFileAttributes C:\Users\Nabeel Hyder\AppData\Local\Google\Chrome\User Data\Crashpad\attachments\6dae28f9-3a84-4157-af45-85296b70a711: The system cannot find the file specified. (0x2)
00002723	3069.37304688	[5352] [0902/043907.519:ERROR:third_party\crashpad\crashpad\util\file\filesystem_win.cc:128] GetFileAttributes C:\Users\Nabeel Hyder\AppData\Local\Google\Chrome\User Data\Crashpad\attachments\f83f15d8-f1d5-4b04-86ba-cbf6ace28547: The system cannot find the file specified. (0x2)
00002724	3069.37329102	[5352] [0902/043907.519:ERROR:third_party\crashpad\crashpad\util\file\filesystem_win.cc:128] GetFileAttributes C:\Users\Nabeel Hyder\AppData\Local\Google\Chrome\User Data\Crashpad\attachments\ba350f48-28dd-4efb-bd75-2f4c99ed97e8: The system cannot find the file specified. (0x2)
00002725	3069.37353516	[5352] [0902/043907.519:ERROR:third_party\crashpad\crashpad\util\file\filesystem_win.cc:128] GetFileAttributes C:\Users\Nabeel Hyder\AppData\Local\Google\Chrome\User Data\Crashpad\attachments\f2f52206-f7f8-4a5f-84ad-af2bfab5bf40: The system cannot find the file specified. (0x2)
00002726	3069.37353516	[5352] [0902/043907.519:ERROR:third_party\crashpad\crashpad\util\file\filesystem_win.cc:128] GetFileAttributes C:\Users\Nabeel Hyder\AppData\Local\Google\Chrome\User Data\Crashpad\attachments\4443cf38-3ccd-49f1-bccb-c4197d3c9587: The system cannot find the file specified. (0x2)
00002727	3069.37377930	[5352] [0902/043907.519:ERROR:third_party\crashpad\crashpad\util\file\filesystem_win.cc:128] GetFileAttributes C:\Users\Nabeel Hyder\AppData\Local\Google\Chrome\User Data\Crashpad\attachments\9ae5113d-2771-4f4e-b219-ce89aa676b43: The system cannot find the file specified. (0x2)
00002728	3069.37402344	[5352] [0902/043907.519:ERROR:third_party\crashpad\crashpad\util\file\filesystem_win.cc:128] GetFileAttributes C:\Users\Nabeel Hyder\AppData\Local\Google\Chrome\User Data\Crashpad\attachments\6ea8f6a4-223a-49c2-9c65-ea88d651b682: The system cannot find the file specified. (0x2)
00002729	3069.37402344	[5352] [0902/043907.520:ERROR:third_party\crashpad\crashpad\util\file\filesystem_win.cc:128] GetFileAttributes C:\Users\Nabeel Hyder\AppData\Local\Google\Chrome\User Data\Crashpad\attachments\192d95a0-3239-4d74-9deb-1d5abe3e2b0b: The system cannot find the file specified. (0x2)
00002730	3069.37426758	[5352] [0902/043907.520:ERROR:third_party\crashpad\crashpad\util\file\filesystem_win.cc:128] GetFileAttributes C:\Users\Nabeel Hyder\AppData\Local\Google\Chrome\User Data\Crashpad\attachments\cc8da2ef-df61-40ef-beeb-d6671697400e: The system cannot find the file specified. (0x2)
00002731	3069.37451172	[5352] [0902/043907.520:ERROR:third_party\crashpad\crashpad\util\file\filesystem_win.cc:128] GetFileAttributes C:\Users\Nabeel Hyder\AppData\Local\Google\Chrome\User Data\Crashpad\attachments\c18a55a2-676d-4e5a-9851-00c8e84d51f6: The system cannot find the file specified. (0x2)
00002732	3069.37475586	[5352] [0902/043907.520:ERROR:third_party\crashpad\crashpad\util\file\filesystem_win.cc:128] GetFileAttributes C:\Users\Nabeel Hyder\AppData\Local\Google\Chrome\User Data\Crashpad\attachments\166888ed-e277-4b6c-b0d6-3f73061348e2: The system cannot find the file specified. (0x2)
00002733	3069.37475586	[5352] [0902/043907.520:ERROR:third_party\crashpad\crashpad\util\file\filesystem_win.cc:128] GetFileAttributes C:\Users\Nabeel Hyder\AppData\Local\Google\Chrome\User Data\Crashpad\attachments\9c225e80-5047-4141-adf9-9c0c1eabf2e2: The system cannot find the file specified. (0x2)
00002734	3069.37475586	[5352] [0902/043907.520:ERROR:third_party\crashpad\crashpad\util\file\filesystem_win.cc:128] GetFileAttributes C:\Users\Nabeel Hyder\AppData\Local\Google\Chrome\User Data\Crashpad\attachments\83826cfb-7a9a-4b77-a5a5-7835eaf63789: The system cannot find the file specified. (0x2)
00002735	3069.37500000	[5352] [0902/043907.521:ERROR:third_party\crashpad\crashpad\util\file\filesystem_win.cc:128] GetFileAttributes C:\Users\Nabeel Hyder\AppData\Local\Google\Chrome\User Data\Crashpad\attachments\50d4614a-f58b-488e-9b68-936c74ac4132: The system cannot find the file specified. (0x2)
00002736	3069.37524414	[5352] [0902/043907.521:ERROR:third_party\crashpad\crashpad\util\file\filesystem_win.cc:128] GetFileAttributes C:\Users\Nabeel Hyder\AppData\Local\Google\Chrome\User Data\Crashpad\attachments\e74e799e-2919-4b23-897c-4610fda6857b: The system cannot find the file specified. (0x2)
00002737	3069.37524414	[5352] [0902/043907.521:ERROR:third_party\crashpad\crashpad\util\file\filesystem_win.cc:128] GetFileAttributes C:\Users\Nabeel Hyder\AppData\Local\Google\Chrome\User Data\Crashpad\attachments\a3d408f8-4de9-4d67-ac39-725110f5083d: The system cannot find the file specified. (0x2)
00002738	3069.37548828	[5352] [0902/043907.521:ERROR:third_party\crashpad\crashpad\util\file\filesystem_win.cc:128] GetFileAttributes C:\Users\Nabeel Hyder\AppData\Local\Google\Chrome\User Data\Crashpad\attachments\96ce90f7-448f-4f01-989a-0f2682ecbaa5: The system cannot find the file specified. (0x2)
00002739	3069.37573242	[5352] [0902/043907.521:ERROR:third_party\crashpad\crashpad\util\file\filesystem_win.cc:128] GetFileAttributes C:\Users\Nabeel Hyder\AppData\Local\Google\Chrome\User Data\Crashpad\attachments\d7330213-7728-4013-bdad-0b422ffdace8: The system cannot find the file specified. (0x2)
00002740	3069.37597656	[5352] [0902/043907.521:ERROR:third_party\crashpad\crashpad\util\file\filesystem_win.cc:128] GetFileAttributes C:\Users\Nabeel Hyder\AppData\Local\Google\Chrome\User Data\Crashpad\attachments\d0e09ec7-f808-422c-adb1-626d28cbe041: The system cannot find the file specified. (0x2)
00002741	3069.37622070	[5352] [0902/043907.522:ERROR:third_party\crashpad\crashpad\util\file\filesystem_win.cc:128] GetFileAttributes C:\Users\Nabeel Hyder\AppData\Local\Google\Chrome\User Data\Crashpad\attachments\41e8aa24-8237-4ff7-887b-1f792d137833: The system cannot find the file specified. (0x2)
00002742	3069.37622070	[5352] [0902/043907.522:ERROR:third_party\crashpad\crashpad\util\file\filesystem_win.cc:128] GetFileAttributes C:\Users\Nabeel Hyder\AppData\Local\Google\Chrome\User Data\Crashpad\attachments\2fe245fb-15f0-4bf2-a3d4-0a30503a5a91: The system cannot find the file specified. (0x2)
00002743	3069.37622070	[5352] [0902/043907.522:ERROR:third_party\crashpad\crashpad\util\file\filesystem_win.cc:128] GetFileAttributes C:\Users\Nabeel Hyder\AppData\Local\Google\Chrome\User Data\Crashpad\attachments\d30e0c4e-9d54-4884-aef3-de7316db4980: The system cannot find the file specified. (0x2)
00002744	3069.37622070	[5352] [0902/043907.522:ERROR:third_party\crashpad\crashpad\util\file\filesystem_win.cc:128] GetFileAttributes C:\Users\Nabeel Hyder\AppData\Local\Google\Chrome\User Data\Crashpad\attachments\878faa28-a516-49f4-9345-ce3748e2aa33: The system cannot find the file specified. (0x2)
00002745	3069.37646484	[5352] [0902/043907.522:ERROR:third_party\crashpad\crashpad\util\file\filesystem_win.cc:128] GetFileAttributes C:\Users\Nabeel Hyder\AppData\Local\Google\Chrome\User Data\Crashpad\attachments\4a565322-64c4-45f5-a541-1bca66cc06a9: The system cannot find the file specified. (0x2)
00002746	3069.37670898	[5352] [0902/043907.522:ERROR:third_party\crashpad\crashpad\util\file\filesystem_win.cc:128] GetFileAttributes C:\Users\Nabeel Hyder\AppData\Local\Google\Chrome\User Data\Crashpad\attachments\8f80ae41-f29e-4482-afc8-d969e3251ae0: The system cannot find the file specified. (0x2)
00002747	3069.37695313	[5352] [0902/043907.522:ERROR:third_party\crashpad\crashpad\util\file\filesystem_win.cc:128] GetFileAttributes C:\Users\Nabeel Hyder\AppData\Local\Google\Chrome\User Data\Crashpad\attachments\ec52ba14-278d-4c97-a642-c0f16b13e0b1: The system cannot find the file specified. (0x2)
00002748	3069.37695313	[5352] [0902/043907.522:ERROR:third_party\crashpad\crashpad\util\file\filesystem_win.cc:128] GetFileAttributes C:\Users\Nabeel Hyder\AppData\Local\Google\Chrome\User Data\Crashpad\attachments\f668953a-f1b5-484d-b284-d1e1d2918a5c: The system cannot find the file specified. (0x2)
00002749	3069.37719727	[5352] [0902/043907.522:ERROR:third_party\crashpad\crashpad\util\file\filesystem_win.cc:128] GetFileAttributes C:\Users\Nabeel Hyder\AppData\Local\Google\Chrome\User Data\Crashpad\attachments\9a83993e-6d5b-426f-9e9c-21a4b3e93b14: The system cannot find the file specified. (0x2)
00002750	3069.37719727	[5352] [0902/043907.524:ERROR:third_party\crashpad\crashpad\util\file\filesystem_win.cc:128] GetFileAttributes C:\Users\Nabeel Hyder\AppData\Local\Google\Chrome\User Data\Crashpad\attachments\d807bece-f457-4f5e-ba39-a74cc943d24c: The system cannot find the file specified. (0x2)
00002751	3069.37744141	[5352] [0902/043907.524:ERROR:third_party\crashpad\crashpad\util\file\filesystem_win.cc:128] GetFileAttributes C:\Users\Nabeel Hyder\AppData\Local\Google\Chrome\User Data\Crashpad\attachments\e5c1b33c-5722-4ef8-aa8f-6ceed48cdbd8: The system cannot find the file specified. (0x2)
00002752	3069.37744141	[5352] [0902/043907.524:ERROR:third_party\crashpad\crashpad\util\file\filesystem_win.cc:128] GetFileAttributes C:\Users\Nabeel Hyder\AppData\Local\Google\Chrome\User Data\Crashpad\attachments\025a4e0d-a85f-4ee1-8445-f37eb1913183: The system cannot find the file specified. (0x2)
00002753	3069.37744141	[5352] [0902/043907.524:ERROR:third_party\crashpad\crashpad\util\file\filesystem_win.cc:128] GetFileAttributes C:\Users\Nabeel Hyder\AppData\Local\Google\Chrome\User Data\Crashpad\attachments\93c9970b-beef-43f8-b8e8-3c66a5396f8d: The system cannot find the file specified. (0x2)
00002754	3069.37744141	[5352] [0902/043907.524:ERROR:third_party\crashpad\crashpad\util\file\filesystem_win.cc:128] GetFileAttributes C:\Users\Nabeel Hyder\AppData\Local\Google\Chrome\User Data\Crashpad\attachments\963149ec-8e73-4360-9677-ed302b3f71b4: The system cannot find the file specified. (0x2)
00002755	3069.37768555	[5352] [0902/043907.524:ERROR:third_party\crashpad\crashpad\util\file\filesystem_win.cc:128] GetFileAttributes C:\Users\Nabeel Hyder\AppData\Local\Google\Chrome\User Data\Crashpad\attachments\9b76d7ab-9384-40ec-ba1b-c9eb7cc4e2cf: The system cannot find the file specified. (0x2)
00002756	3069.37768555	[5352] [0902/043907.524:ERROR:third_party\crashpad\crashpad\util\file\filesystem_win.cc:128] GetFileAttributes C:\Users\Nabeel Hyder\AppData\Local\Google\Chrome\User Data\Crashpad\attachments\5d8f14d4-b507-4615-98c6-3f34139e6ed8: The system cannot find the file specified. (0x2)
00002757	3069.37792969	[5352] [0902/043907.524:ERROR:third_party\crashpad\crashpad\util\file\filesystem_win.cc:128] GetFileAttributes C:\Users\Nabeel Hyder\AppData\Local\Google\Chrome\User Data\Crashpad\attachments\05527b2f-39aa-4b42-97f4-1f9ad26909a3: The system cannot find the file specified. (0x2)
00002758	3069.37792969	[5352] [0902/043907.524:ERROR:third_party\crashpad\crashpad\util\file\filesystem_win.cc:128] GetFileAttributes C:\Users\Nabeel Hyder\AppData\Local\Google\Chrome\User Data\Crashpad\attachments\ce5849c0-ca00-4b3e-ad59-88b039787806: The system cannot find the file specified. (0x2)
00002759	3069.37817383	[5352] [0902/043907.524:ERROR:third_party\crashpad\crashpad\util\file\filesystem_win.cc:128] GetFileAttributes C:\Users\Nabeel Hyder\AppData\Local\Google\Chrome\User Data\Crashpad\attachments\44b893e8-7401-4e81-8c66-29bc0807d5f2: The system cannot find the file specified. (0x2)
00002760	3069.37817383	[5352] [0902/043907.525:ERROR:third_party\crashpad\crashpad\util\file\filesystem_win.cc:128] GetFileAttributes C:\Users\Nabeel Hyder\AppData\Local\Google\Chrome\User Data\Crashpad\attachments\eb239138-b512-446a-8067-5ee5d0ff4b57: The system cannot find the file specified. (0x2)
00002761	3069.37841797	[5352] [0902/043907.525:ERROR:third_party\crashpad\crashpad\util\file\filesystem_win.cc:128] GetFileAttributes C:\Users\Nabeel Hyder\AppData\Local\Google\Chrome\User Data\Crashpad\attachments\9c10b373-b4d3-4ea1-be12-0c4e4e5367a1: The system cannot find the file specified. (0x2)
00002762	3069.37841797	[5352] [0902/043907.525:ERROR:third_party\crashpad\crashpad\util\file\filesystem_win.cc:128] GetFileAttributes C:\Users\Nabeel Hyder\AppData\Local\Google\Chrome\User Data\Crashpad\attachments\5999d560-fd79-447e-86bd-8e1cbc603ee5: The system cannot find the file specified. (0x2)
00002763	3069.37866211	[5352] [0902/043907.525:ERROR:third_party\crashpad\crashpad\util\file\filesystem_win.cc:128] GetFileAttributes C:\Users\Nabeel Hyder\AppData\Local\Google\Chrome\User Data\Crashpad\attachments\652a85f5-6183-4e43-a53a-2a2ea36cb998: The system cannot find the file specified. (0x2)
00002764	3069.37866211	[5352] [0902/043907.525:ERROR:third_party\crashpad\crashpad\util\file\filesystem_win.cc:128] GetFileAttributes C:\Users\Nabeel Hyder\AppData\Local\Google\Chrome\User Data\Crashpad\attachments\edd2d3ad-b544-4770-805a-8636bef59914: The system cannot find the file specified. (0x2)
00002765	3069.37866211	[5352] [0902/043907.525:ERROR:third_party\crashpad\crashpad\util\file\filesystem_win.cc:128] GetFileAttributes C:\Users\Nabeel Hyder\AppData\Local\Google\Chrome\User Data\Crashpad\attachments\f0c45224-9289-4b8b-a568-9e0e21920d9b: The system cannot find the file specified. (0x2)
00002766	3069.37866211	[5352] [0902/043907.525:ERROR:third_party\crashpad\crashpad\util\file\filesystem_win.cc:128] GetFileAttributes C:\Users\Nabeel Hyder\AppData\Local\Google\Chrome\User Data\Crashpad\attachments\29d60fd4-fc12-4140-a368-b50bb1307092: The system cannot find the file specified. (0x2)
00002767	3069.37866211	[5352] [0902/043907.525:ERROR:third_party\crashpad\crashpad\util\file\filesystem_win.cc:128] GetFileAttributes C:\Users\Nabeel Hyder\AppData\Local\Google\Chrome\User Data\Crashpad\attachments\6985a85d-d16f-40ba-951a-e49febde8e92: The system cannot find the file specified. (0x2)
00002768	3069.37890625	[5352] [0902/043907.525:ERROR:third_party\crashpad\crashpad\util\file\filesystem_win.cc:128] GetFileAttributes C:\Users\Nabeel Hyder\AppData\Local\Google\Chrome\User Data\Crashpad\attachments\f2d5eccd-4e7b-46c7-8bac-fe198313684d: The system cannot find the file specified. (0x2)
00002769	3069.37890625	[5352] [0902/043907.525:ERROR:third_party\crashpad\crashpad\util\file\filesystem_win.cc:128] GetFileAttributes C:\Users\Nabeel Hyder\AppData\Local\Google\Chrome\User Data\Crashpad\attachments\8326449f-171f-4770-a623-75037f4a14cf: The system cannot find the file specified. (0x2)
00002770	3069.37890625	[5352] [0902/043907.525:ERROR:third_party\crashpad\crashpad\util\file\filesystem_win.cc:128] GetFileAttributes C:\Users\Nabeel Hyder\AppData\Local\Google\Chrome\User Data\Crashpad\attachments\bd6654db-5adf-4059-810f-791260298fb4: The system cannot find the file specified. (0x2)
00002771	3069.37915039	[5352] [0902/043907.526:ERROR:third_party\crashpad\crashpad\util\file\filesystem_win.cc:128] GetFileAttributes C:\Users\Nabeel Hyder\AppData\Local\Google\Chrome\User Data\Crashpad\attachments\8ba8991b-10f6-4a17-a9b7-fc93e726663b: The system cannot find the file specified. (0x2)
00002772	3069.37915039	[5352] [0902/043907.526:ERROR:third_party\crashpad\crashpad\util\file\filesystem_win.cc:128] GetFileAttributes C:\Users\Nabeel Hyder\AppData\Local\Google\Chrome\User Data\Crashpad\attachments\be28597e-4cfa-46b5-9cea-02b7275abe69: The system cannot find the file specified. (0x2)
00002773	3069.37939453	[5352] [0902/043907.526:ERROR:third_party\crashpad\crashpad\util\file\filesystem_win.cc:128] GetFileAttributes C:\Users\Nabeel Hyder\AppData\Local\Google\Chrome\User Data\Crashpad\attachments\7fdd287a-22fc-4f7a-8bed-2e20385a1768: The system cannot find the file specified. (0x2)
00002774	3069.37939453	[5352] [0902/043907.526:ERROR:third_party\crashpad\crashpad\util\file\filesystem_win.cc:128] GetFileAttributes C:\Users\Nabeel Hyder\AppData\Local\Google\Chrome\User Data\Crashpad\attachments\924c3592-cbd7-405b-82d5-2462b0a9f364: The system cannot find the file specified. (0x2)
00002775	3069.37939453	[5352] [0902/043907.526:ERROR:third_party\crashpad\crashpad\util\file\filesystem_win.cc:128] GetFileAttributes C:\Users\Nabeel Hyder\AppData\Local\Google\Chrome\User Data\Crashpad\attachments\0acb4699-fd87-4ee8-971f-fdefb41a9da5: The system cannot find the file specified. (0x2)
00002776	3069.37963867	[5352] [0902/043907.526:ERROR:third_party\crashpad\crashpad\util\file\filesystem_win.cc:128] GetFileAttributes C:\Users\Nabeel Hyder\AppData\Local\Google\Chrome\User Data\Crashpad\attachments\73d308e1-fe27-416b-b15f-27139f46366e: The system cannot find the file specified. (0x2)
00002777	3069.37988281	[5352] [0902/043907.526:ERROR:third_party\crashpad\crashpad\util\file\filesystem_win.cc:128] GetFileAttributes C:\Users\Nabeel Hyder\AppData\Local\Google\Chrome\User Data\Crashpad\attachments\72f3b11b-13bc-4077-9b8c-22d8b7d5f345: The system cannot find the file specified. (0x2)
00002778	3069.37988281	[5352] [0902/043907.526:ERROR:third_party\crashpad\crashpad\util\file\filesystem_win.cc:128] GetFileAttributes C:\Users\Nabeel Hyder\AppData\Local\Google\Chrome\User Data\Crashpad\attachments\c80085a8-5599-4bb7-917d-62b6c1cbdb0f: The system cannot find the file specified. (0x2)
00002779	3069.37988281	[5352] [0902/043907.526:ERROR:third_party\crashpad\crashpad\util\file\filesystem_win.cc:128] GetFileAttributes C:\Users\Nabeel Hyder\AppData\Local\Google\Chrome\User Data\Crashpad\attachments\ecd9309d-b980-42cd-80f4-0a7833a877d8: The system cannot find the file specified. (0x2)
00002780	3069.37988281	[5352] [0902/043907.526:ERROR:third_party\crashpad\crashpad\util\file\filesystem_win.cc:128] GetFileAttributes C:\Users\Nabeel Hyder\AppData\Local\Google\Chrome\User Data\Crashpad\attachments\71e5a214-0bdc-44ef-95d2-1e2da34df600: The system cannot find the file specified. (0x2)
00002781	3069.38012695	[5352] [0902/043907.527:ERROR:third_party\crashpad\crashpad\util\file\filesystem_win.cc:128] GetFileAttributes C:\Users\Nabeel Hyder\AppData\Local\Google\Chrome\User Data\Crashpad\attachments\4d951c7f-1e75-489d-a047-fd9e700c02d1: The system cannot find the file specified. (0x2)
00002782	3069.38012695	[5352] [0902/043907.527:ERROR:third_party\crashpad\crashpad\util\file\filesystem_win.cc:128] GetFileAttributes C:\Users\Nabeel Hyder\AppData\Local\Google\Chrome\User Data\Crashpad\attachments\2787069e-c400-4dfc-8a29-55125cc71c29: The system cannot find the file specified. (0x2)
00002783	3069.38037109	[5352] [0902/043907.527:ERROR:third_party\crashpad\crashpad\util\file\filesystem_win.cc:128] GetFileAttributes C:\Users\Nabeel Hyder\AppData\Local\Google\Chrome\User Data\Crashpad\attachments\be4bc3b4-c1a7-4710-9ace-686369ea4893: The system cannot find the file specified. (0x2)
00002784	3069.38037109	[5352] [0902/043907.527:ERROR:third_party\crashpad\crashpad\util\file\filesystem_win.cc:128] GetFileAttributes C:\Users\Nabeel Hyder\AppData\Local\Google\Chrome\User Data\Crashpad\attachments\210cd708-837a-48b3-acdc-d0c890dbc2dd: The system cannot find the file specified. (0x2)
00002785	3069.38037109	[5352] [0902/043907.527:ERROR:third_party\crashpad\crashpad\util\file\filesystem_win.cc:128] GetFileAttributes C:\Users\Nabeel Hyder\AppData\Local\Google\Chrome\User Data\Crashpad\attachments\c7b4cfa1-83e0-4a6c-814e-881680c7b319: The system cannot find the file specified. (0x2)
00002786	3069.38061523	[5352] [0902/043907.527:ERROR:third_party\crashpad\crashpad\util\file\filesystem_win.cc:128] GetFileAttributes C:\Users\Nabeel Hyder\AppData\Local\Google\Chrome\User Data\Crashpad\attachments\5958dcc9-c7ae-4157-b910-9cfebc868a5b: The system cannot find the file specified. (0x2)
00002787	3069.38061523	[5352] [0902/043907.527:ERROR:third_party\crashpad\crashpad\util\file\filesystem_win.cc:128] GetFileAttributes C:\Users\Nabeel Hyder\AppData\Local\Google\Chrome\User Data\Crashpad\attachments\f20b2b33-1061-4ae1-a19a-8e28c3263703: The system cannot find the file specified. (0x2)
00002788	3069.38061523	[5352] [0902/043907.527:ERROR:third_party\crashpad\crashpad\util\file\filesystem_win.cc:128] GetFileAttributes C:\Users\Nabeel Hyder\AppData\Local\Google\Chrome\User Data\Crashpad\attachments\8756d148-52f3-4770-925a-5f198b3a2d08: The system cannot find the file specified. (0x2)
00002789	3069.38085938	[5352] [0902/043907.527:ERROR:third_party\crashpad\crashpad\util\file\filesystem_win.cc:128] GetFileAttributes C:\Users\Nabeel Hyder\AppData\Local\Google\Chrome\User Data\Crashpad\attachments\fb9fd61b-0b0c-43fe-9b5e-8e507d9e4cd7: The system cannot find the file specified. (0x2)
00002790	3069.38085938	[5352] [0902/043907.527:ERROR:third_party\crashpad\crashpad\util\file\filesystem_win.cc:128] GetFileAttributes C:\Users\Nabeel Hyder\AppData\Local\Google\Chrome\User Data\Crashpad\attachments\4d2aa1ff-0c26-4d62-8848-aca6cf249137: The system cannot find the file specified. (0x2)
00002791	3069.38110352	[5352] [0902/043907.527:ERROR:third_party\crashpad\crashpad\util\file\filesystem_win.cc:128] GetFileAttributes C:\Users\Nabeel Hyder\AppData\Local\Google\Chrome\User Data\Crashpad\attachments\429cc8b9-2009-49b4-873c-883f89bad343: The system cannot find the file specified. (0x2)
00002792	3069.38110352	[5352] [0902/043907.527:ERROR:third_party\crashpad\crashpad\util\file\filesystem_win.cc:128] GetFileAttributes C:\Users\Nabeel Hyder\AppData\Local\Google\Chrome\User Data\Crashpad\attachments\d2123687-0cb3-4e86-86f1-f9fbf0498d54: The system cannot find the file specified. (0x2)
00002793	3069.38110352	[5352] [0902/043907.527:ERROR:third_party\crashpad\crashpad\util\file\filesystem_win.cc:128] GetFileAttributes C:\Users\Nabeel Hyder\AppData\Local\Google\Chrome\User Data\Crashpad\attachments\27e7d059-462b-43b9-8ef2-fb165823ea63: The system cannot find the file specified. (0x2)
00002794	3091.82275391	[35092] JsonRpc Information: 8 : 
00002795	3091.82299805	[35092] {"id":90,"method":"ExecuteQueryAsync"} 
00002796	3091.87890625	[35092] JsonRpc Information: 7 : 
00002797	3091.87890625	[35092] {"id":90} 
00002798	3091.87939453	[35092] JsonRpc Information: 11 : 
00002799	3091.87963867	[35092] Received result for request "90". 
00002800	3161.89086914	[5480] [0902/044040.036:ERROR:third_party\crashpad\crashpad\util\file\filesystem_win.cc:128] GetFileAttributes C:\Users\Nabeel Hyder\AppData\Roaming\Slack\Crashpad\attachments\e8e13665-f870-4681-91f6-02d7f6213223: The system cannot find the file specified. (0x2)
00002801	3161.89135742	[5480] [0902/044040.037:ERROR:third_party\crashpad\crashpad\util\file\filesystem_win.cc:128] GetFileAttributes C:\Users\Nabeel Hyder\AppData\Roaming\Slack\Crashpad\attachments\b54e1194-56b3-4958-a5b2-7aa5ae426859: The system cannot find the file specified. (0x2)
00002802	3174.24023438	[19392] [0902/044052.386:ERROR:third_party\crashpad\crashpad\util\file\filesystem_win.cc:128] GetFileAttributes C:\Users\Nabeel Hyder\AppData\Local\Packages\OpenAI.ChatGPT-Desktop_2p2nqsd0c76g0\LocalCache\Roaming\ChatGPT\Crashpad\attachments\7982f324-067c-492a-955d-6619cabb6564: The system cannot find the file specified. (0x2)
00002803	3174.24072266	[19392] [0902/044052.387:ERROR:third_party\crashpad\crashpad\util\file\filesystem_win.cc:128] GetFileAttributes C:\Users\Nabeel Hyder\AppData\Local\Packages\OpenAI.ChatGPT-Desktop_2p2nqsd0c76g0\LocalCache\Roaming\ChatGPT\Crashpad\attachments\ce21149c-d346-4dcc-a108-d8eacba4e22c: The system cannot find the file specified. (0x2)
00002804	3258.33447266	[20304] JsonRpc Warning: 5 : 
00002805	3258.33447266	[20304] No target methods are registered that match "NotificationReceived". 
00002806	3258.37280273	[35092] JsonRpc Information: 8 : 
00002807	3258.37280273	[35092] {"id":91,"method":"ExecuteQueryAsync"} 
00002808	3258.41210938	[35092] JsonRpc Information: 7 : 
00002809	3258.41235352	[35092] {"id":91} 
00002810	3258.41259766	[35092] JsonRpc Information: 11 : 
00002811	3258.41259766	[35092] Received result for request "91". 
00002812	3320.31079102	[35092] JsonRpc Warning: 5 : 
00002813	3320.31079102	[35092] No target methods are registered that match "NotificationReceived". 
00002814	3320.51782227	[35092] JsonRpc Warning: 5 : 
00002815	3320.51806641	[35092] No target methods are registered that match "NotificationReceived". 
00002816	3320.51831055	[35092] JsonRpc Warning: 5 : 
00002817	3320.51831055	[35092] No target methods are registered that match "NotificationReceived". 
00002818	3323.84082031	[20304] JsonRpc Warning: 5 : 
00002819	3323.84106445	[20304] No target methods are registered that match "NotificationReceived". 
00002820	3323.89135742	[20304] JsonRpc Warning: 5 : 
00002821	3323.89160156	[20304] No target methods are registered that match "NotificationReceived". 
00002822	3323.98413086	[20304] JsonRpc Warning: 5 : 
00002823	3323.98413086	[20304] No target methods are registered that match "NotificationReceived". 
00002824	3324.84960938	[35092] JsonRpc Warning: 5 : 
00002825	3324.84985352	[35092] No target methods are registered that match "NotificationReceived". 
00002826	3326.75952148	[35092] JsonRpc Warning: 5 : 
00002827	3326.75952148	[35092] No target methods are registered that match "NotificationReceived". 
00002828	3326.75976563	[35092] JsonRpc Warning: 5 : 
00002829	3326.75976563	[35092] No target methods are registered that match "NotificationReceived". 
00002830	3327.04541016	[35092] JsonRpc Warning: 5 : 
00002831	3327.04541016	[35092] No target methods are registered that match "NotificationReceived". 
00002832	3366.17065430	[35092] JsonRpc Warning: 5 : 
00002833	3366.17065430	[35092] No target methods are registered that match "NotificationReceived". 
00002834	3369.20678711	[35092] JsonRpc Information: 8 : 
00002835	3369.20727539	[35092] {"id":92,"method":"ExecuteQueryAsync"} 
00002836	3369.21875000	[35092] JsonRpc Information: 7 : 
00002837	3369.21875000	[35092] {"id":92} 
00002838	3369.21875000	[35092] JsonRpc Information: 11 : 
00002839	3369.21875000	[35092] Received result for request "92". 
00002840	3372.11035156	[35092] JsonRpc Warning: 5 : 
00002841	3372.11059570	[35092] No target methods are registered that match "NotificationReceived". 
00002842	3376.65112305	[35092] JsonRpc Information: 8 : 
00002843	3376.65136719	[35092] {"id":93,"method":"ExecuteQueryAsync"} 
00002844	3376.65332031	[35092] JsonRpc Information: 7 : 
00002845	3376.65332031	[35092] {"id":93} 
00002846	3376.65356445	[35092] JsonRpc Information: 11 : 
00002847	3376.65356445	[35092] Received result for request "93". 
00002848	3376.86523438	[20304] JsonRpc Warning: 5 : 
00002849	3376.86523438	[20304] No target methods are registered that match "NotificationReceived". 
00002850	3376.90917969	[35092] JsonRpc Information: 8 : 
00002851	3376.90942383	[35092] {"id":94,"method":"ExecuteQueryAsync"} 
00002852	3376.91064453	[35092] JsonRpc Information: 7 : 
00002853	3376.91064453	[35092] {"id":94} 
00002854	3376.91064453	[35092] JsonRpc Information: 11 : 
00002855	3376.91113281	[35092] Received result for request "94". 
00002856	3376.91430664	[35092] JsonRpc Information: 8 : 
00002857	3376.91528320	[35092] {"id":95,"method":"ExecuteRemoteExecutableAsync"} 
00002858	3376.91674805	[35092] JsonRpc Information: 7 : 
00002859	3376.91699219	[35092] {"id":95} 
00002860	3376.91699219	[35092] JsonRpc Information: 11 : 
00002861	3376.91748047	[35092] Received result for request "95". 
00002862	3376.92163086	[35092] JsonRpc Information: 8 : 
00002863	3376.92163086	[35092] {"id":96,"method":"ExecuteRemoteExecutableAsync"} 
00002864	3376.92285156	[35092] JsonRpc Information: 7 : 
00002865	3376.92285156	[35092] {"id":96} 
00002866	3376.92309570	[35092] JsonRpc Information: 11 : 
00002867	3376.92309570	[35092] Received result for request "96". 
00002868	3396.84594727	[35092] JsonRpc Warning: 5 : 
00002869	3396.84619141	[35092] No target methods are registered that match "NotificationReceived". 
00002870	3397.09472656	[35092] JsonRpc Warning: 5 : 
00002871	3397.09521484	[35092] No target methods are registered that match "NotificationReceived". 
00002872	3397.09594727	[35092] JsonRpc Warning: 5 : 
00002873	3397.09716797	[35092] No target methods are registered that match "NotificationReceived". 
00002874	3406.90478516	[35092] JsonRpc Warning: 5 : 
00002875	3406.90478516	[35092] No target methods are registered that match "NotificationReceived". 
00002876	3407.12817383	[35092] JsonRpc Warning: 5 : 
00002877	3407.12841797	[35092] No target methods are registered that match "NotificationReceived". 
00002878	3407.12866211	[35092] JsonRpc Warning: 5 : 
00002879	3407.12866211	[35092] No target methods are registered that match "NotificationReceived". 
00002880	3409.50024414	[35092] JsonRpc Warning: 5 : 
00002881	3409.50097656	[35092] No target methods are registered that match "NotificationReceived". 
00002882	3411.01660156	[35092] JsonRpc Warning: 5 : 
00002883	3411.01660156	[35092] No target methods are registered that match "NotificationReceived". 
00002884	3411.01660156	[35092] JsonRpc Warning: 5 : 
00002885	3411.01684570	[35092] No target methods are registered that match "NotificationReceived". 
00002886	3428.54638672	[35092] JsonRpc Warning: 5 : 
00002887	3428.54663086	[35092] No target methods are registered that match "NotificationReceived". 
00002888	3434.28417969	[35092] JsonRpc Warning: 5 : 
00002889	3434.28417969	[35092] No target methods are registered that match "NotificationReceived". 
00002890	3483.28173828	[35092] JsonRpc Information: 7 : 
00002891	3483.28173828	[35092] {"id":9,"method":"OnHideAsync"} 
00002892	3483.28173828	[35092] JsonRpc Information: 6 : 
00002893	3483.28173828	[35092] Received request "9" for method "OnHideAsync". 
00002894	3483.28222656	[35092] JsonRpc Information: 9 : 
00002895	3483.28222656	[35092] Invoking Microsoft.VisualStudio.Extensibility.ToolWindows.Implementation.ToolWindowProvider.OnHideAsync(String, CancellationToken) 
00002896	3483.28881836	[35092] JsonRpc Information: 8 : 
00002897	3483.28881836	[35092] {"id":9} 
00002898	3490.24877930	[35092] JsonRpc Warning: 5 : 
00002899	3490.24877930	[35092] No target methods are registered that match "NotificationReceived". 
00002900	3490.24877930	[35092] JsonRpc Warning: 5 : 
00002901	3490.24877930	[35092] No target methods are registered that match "NotificationReceived". 
00002902	3490.24951172	[35092] JsonRpc Warning: 5 : 
00002903	3490.24951172	[35092] No target methods are registered that match "NotificationReceived". 
00002904	3493.45458984	[35092] JsonRpc Warning: 5 : 
00002905	3493.45458984	[35092] No target methods are registered that match "NotificationReceived". 
00002906	3493.45507813	[35092] JsonRpc Warning: 5 : 
00002907	3493.45507813	[35092] No target methods are registered that match "NotificationReceived". 
00002908	3493.45556641	[35092] JsonRpc Warning: 5 : 
00002909	3493.45556641	[35092] No target methods are registered that match "NotificationReceived". 
00002910	3498.70043945	[35092] Performance warning: String load failed. Pkg:{37F69003-4AC4-4B33-AA3A-4D620BE07696} (CommonEditorPackage) LANG:0409 ID:113 
00002911	3525.95922852	[35092] JsonRpc Warning: 5 : 
00002912	3525.95922852	[35092] No target methods are registered that match "NotificationReceived". 
00002913	3526.21557617	[35092] JsonRpc Warning: 5 : 
00002914	3526.21606445	[35092] No target methods are registered that match "NotificationReceived". 
00002915	3526.21655273	[35092] JsonRpc Warning: 5 : 
00002916	3526.21679688	[35092] No target methods are registered that match "NotificationReceived". 
00002917	3538.62524414	[35092] JsonRpc Warning: 5 : 
00002918	3538.62524414	[35092] No target methods are registered that match "NotificationReceived". 
00002919	3538.84375000	[35092] JsonRpc Warning: 5 : 
00002920	3538.84375000	[35092] No target methods are registered that match "NotificationReceived". 
00002921	3538.87304688	[35092] JsonRpc Warning: 5 : 
00002922	3538.87353516	[35092] No target methods are registered that match "NotificationReceived". 
00002923	3544.54687500	[35092] JsonRpc Warning: 5 : 
00002924	3544.54687500	[35092] No target methods are registered that match "NotificationReceived". 
00002925	3544.91674805	[20304] JsonRpc Warning: 5 : 
00002926	3544.91723633	[20304] No target methods are registered that match "NotificationReceived". 
00002927	3545.34448242	[35092] JsonRpc Warning: 5 : 
00002928	3545.34472656	[35092] No target methods are registered that match "NotificationReceived". 
00002929	3545.34472656	[35092] JsonRpc Warning: 5 : 
00002930	3545.34472656	[35092] No target methods are registered that match "NotificationReceived". 
00002931	3547.37402344	[35092] JsonRpc Warning: 5 : 
00002932	3547.37402344	[35092] No target methods are registered that match "NotificationReceived". 
00002933	3549.39135742	[35092] JsonRpc Warning: 5 : 
00002934	3549.39160156	[35092] No target methods are registered that match "NotificationReceived". 
00002935	3551.72094727	[20304] JsonRpc Warning: 5 : 
00002936	3551.72094727	[20304] No target methods are registered that match "NotificationReceived". 
00002937	3551.80297852	[20304] JsonRpc Warning: 5 : 
00002938	3551.80297852	[20304] No target methods are registered that match "NotificationReceived". 
00002939	3553.87353516	[35092] JsonRpc Warning: 5 : 
00002940	3553.87353516	[35092] No target methods are registered that match "NotificationReceived". 
00002941	3553.87402344	[35092] JsonRpc Warning: 5 : 
00002942	3553.87402344	[35092] No target methods are registered that match "NotificationReceived". 
00002943	3553.87426758	[35092] JsonRpc Warning: 5 : 
00002944	3553.87426758	[35092] No target methods are registered that match "NotificationReceived". 
00002945	3562.54565430	[35092] JsonRpc Warning: 5 : 
00002946	3562.54589844	[35092] No target methods are registered that match "NotificationReceived". 
00002947	3610.89599609	[20304] JsonRpc Warning: 5 : 
00002948	3610.89599609	[20304] No target methods are registered that match "NotificationReceived". 
00002949	3610.97949219	[20304] JsonRpc Warning: 5 : 
00002950	3610.97949219	[20304] No target methods are registered that match "NotificationReceived". 
00002951	3613.01440430	[35092] JsonRpc Warning: 5 : 
00002952	3613.01440430	[35092] No target methods are registered that match "NotificationReceived". 
00002953	3613.01440430	[35092] JsonRpc Warning: 5 : 
00002954	3613.01489258	[35092] No target methods are registered that match "NotificationReceived". 
00002955	3613.01489258	[35092] JsonRpc Warning: 5 : 
00002956	3613.01513672	[35092] No target methods are registered that match "NotificationReceived". 
00002957	3684.42285156	[728] [0902/044922.567:ERROR:third_party\crashpad\crashpad\util\file\filesystem_win.cc:128] GetFileAttributes C:\Users\Nabeel Hyder\AppData\Local\Microsoft\Edge\User Data\Crashpad\attachments\f953e348-cc91-4787-9868-4bcd0ab8a8d8: The system cannot find the file specified. (0x2)
00002958	3684.42407227	[728] [0902/044922.570:ERROR:third_party\crashpad\crashpad\util\file\filesystem_win.cc:128] GetFileAttributes C:\Users\Nabeel Hyder\AppData\Local\Microsoft\Edge\User Data\Crashpad\attachments\b6cc1cfd-91fb-4cae-9ebb-ffc5e4d604ef: The system cannot find the file specified. (0x2)
00002959	3684.46093750	[728] [0902/044922.607:ERROR:third_party\crashpad\crashpad\util\file\filesystem_win.cc:128] GetFileAttributes C:\Users\Nabeel Hyder\AppData\Local\Microsoft\Edge\User Data\Crashpad\attachments\6ca1afb9-e9f8-4a13-8ea7-67b42f0652e9: The system cannot find the file specified. (0x2)
00002960	3823.00805664	[20304] JsonRpc Warning: 5 : 
00002961	3823.00854492	[20304] No target methods are registered that match "NotificationReceived". 
00002962	3827.15136719	[35092] JsonRpc Warning: 5 : 
00002963	3827.15136719	[35092] No target methods are registered that match "NotificationReceived". 
00002964	3827.15136719	[35092] JsonRpc Warning: 5 : 
00002965	3827.15136719	[35092] No target methods are registered that match "NotificationReceived". 
00002966	3827.15209961	[35092] JsonRpc Warning: 5 : 
00002967	3827.15209961	[35092] No target methods are registered that match "NotificationReceived". 
00002968	3846.98583984	[20304] JsonRpc Warning: 5 : 
00002969	3846.98608398	[20304] No target methods are registered that match "NotificationReceived". 
00002970	3856.32495117	[20304] JsonRpc Warning: 5 : 
00002971	3856.32543945	[20304] No target methods are registered that match "NotificationReceived". 
00002972	3856.36669922	[20304] JsonRpc Warning: 5 : 
00002973	3856.36669922	[20304] No target methods are registered that match "NotificationReceived". 
00002974	3861.03491211	[35092] JsonRpc Warning: 5 : 
00002975	3861.03540039	[35092] No target methods are registered that match "NotificationReceived". 
00002976	3861.03540039	[35092] JsonRpc Warning: 5 : 
00002977	3861.03540039	[35092] No target methods are registered that match "NotificationReceived". 
00002978	3861.03613281	[35092] JsonRpc Warning: 5 : 
00002979	3861.03613281	[35092] No target methods are registered that match "NotificationReceived". 
00002980	3864.11059570	[35092] JsonRpc Warning: 5 : 
00002981	3864.11352539	[35092] No target methods are registered that match "NotificationReceived". 
00002982	3864.11450195	[35092] JsonRpc Warning: 5 : 
00002983	3864.11596680	[35092] No target methods are registered that match "NotificationReceived". 
00002984	3864.11596680	[35092] JsonRpc Warning: 5 : 
00002985	3864.11645508	[35092] No target methods are registered that match "NotificationReceived". 
00002986	3871.47534180	[20304] JsonRpc Warning: 5 : 
00002987	3871.47534180	[20304] No target methods are registered that match "NotificationReceived". 
00002988	3872.78027344	[35092] JsonRpc Warning: 5 : 
00002989	3872.78076172	[35092] No target methods are registered that match "NotificationReceived". 
00002990	3872.98315430	[35092] JsonRpc Warning: 5 : 
00002991	3872.98315430	[35092] No target methods are registered that match "NotificationReceived". 
00002992	3872.98315430	[35092] JsonRpc Warning: 5 : 
00002993	3872.98315430	[35092] No target methods are registered that match "NotificationReceived". 
00002994	3876.99926758	[35092] JsonRpc Warning: 5 : 
00002995	3876.99951172	[35092] No target methods are registered that match "NotificationReceived". 
00002996	3878.57910156	[35092] JsonRpc Warning: 5 : 
00002997	3878.57910156	[35092] No target methods are registered that match "NotificationReceived". 
00002998	3878.57934570	[35092] JsonRpc Warning: 5 : 
00002999	3878.57934570	[35092] No target methods are registered that match "NotificationReceived". 
00003000	3934.04345703	[10608] [react-native-xaml] Unhandled call to RemoveAllChildren with parent: 
00003001	3934.04370117	[10608] Windows.UI.Xaml.Controls.TextBlock
00003002	3934.04370117	[10608] 
00003003	3934.04370117	[10608] [react-native-xaml] Unhandled call to RemoveAllChildren with parent: 
00003004	3934.04418945	[10608] Windows.UI.Xaml.Controls.TextBlock
00003005	3934.04418945	[10608] 
00003006	3934.04467773	[10608] [react-native-xaml] Unhandled call to RemoveAllChildren with parent: 
00003007	3934.04467773	[10608] Windows.UI.Xaml.Controls.TextBlock
00003008	3934.04467773	[10608] 
00003009	3934.04492188	[10608] [react-native-xaml] Unhandled call to RemoveAllChildren with parent: 
00003010	3934.04492188	[10608] Windows.UI.Xaml.Controls.TextBlock
00003011	3934.04541016	[10608] 
00003012	3934.04541016	[10608] [react-native-xaml] Unhandled call to RemoveAllChildren with parent: 
00003013	3934.04541016	[10608] Windows.UI.Xaml.Controls.FontIcon
00003014	3934.04541016	[10608] 
00003015	3934.04541016	[10608] [react-native-xaml] Unhandled call to RemoveAllChildren with parent: 
00003016	3934.04541016	[10608] Windows.UI.Xaml.Controls.TextBlock
00003017	3934.04541016	[10608] 
00003018	3934.04589844	[10608] [react-native-xaml] Unhandled call to RemoveAllChildren with parent: 
00003019	3934.04589844	[10608] Windows.UI.Xaml.Controls.TextBlock
00003020	3934.04589844	[10608] 
00003021	3934.04614258	[10608] [react-native-xaml] Unhandled call to RemoveAllChildren with parent: 
00003022	3934.04614258	[10608] Windows.UI.Xaml.Controls.TextBlock
00003023	3934.04614258	[10608] 
00003024	3934.04614258	[10608] [react-native-xaml] Unhandled call to RemoveAllChildren with parent: 
00003025	3934.04614258	[10608] Windows.UI.Xaml.Controls.FontIcon
00003026	3934.04614258	[10608] 
00003027	3934.04614258	[10608] [react-native-xaml] Unhandled call to RemoveAllChildren with parent: 
00003028	3934.04614258	[10608] Windows.UI.Xaml.Controls.MenuFlyoutItem
00003029	3934.04614258	[10608] 
00003030	3934.04663086	[10608] [react-native-xaml] Unhandled call to RemoveAllChildren with parent: 
00003031	3934.04663086	[10608] Windows.UI.Xaml.Controls.MenuFlyoutSeparator
00003032	3934.04663086	[10608] 
00003033	3934.04663086	[10608] [react-native-xaml] Unhandled call to RemoveAllChildren with parent: 
00003034	3934.04663086	[10608] Windows.UI.Xaml.Controls.FontIcon
00003035	3934.04663086	[10608] 
00003036	3934.04663086	[10608] [react-native-xaml] Unhandled call to RemoveAllChildren with parent: 
00003037	3934.04663086	[10608] Windows.UI.Xaml.Controls.MenuFlyoutItem
00003038	3934.04663086	[10608] 
00003039	3934.04663086	[10608] [react-native-xaml] Unhandled call to RemoveAllChildren with parent: 
00003040	3934.04663086	[10608] Windows.UI.Xaml.Controls.FontIcon
00003041	3934.04663086	[10608] 
00003042	3934.04711914	[10608] [react-native-xaml] Unhandled call to RemoveAllChildren with parent: 
00003043	3934.04711914	[10608] Windows.UI.Xaml.Controls.MenuFlyoutItem
00003044	3934.04711914	[10608] 
00003045	3934.04833984	[10608] [react-native-xaml] Unhandled call to RemoveAllChildren with parent: 
00003046	3934.04833984	[10608] Windows.UI.Xaml.Controls.TextBlock
00003047	3934.04833984	[10608] 
00003048	3934.04833984	[10608] [react-native-xaml] Unhandled call to RemoveAllChildren with parent: 
00003049	3934.04833984	[10608] Windows.UI.Xaml.Controls.TextBlock
00003050	3934.04858398	[10608] 
00003051	3934.04858398	[10608] [react-native-xaml] Unhandled call to RemoveAllChildren with parent: 
00003052	3934.04858398	[10608] Windows.UI.Xaml.Controls.TextBlock
00003053	3934.04858398	[10608] 
00003054	3934.04858398	[10608] [react-native-xaml] Unhandled call to RemoveAllChildren with parent: 
00003055	3934.04858398	[10608] Windows.UI.Xaml.Controls.TextBlock
00003056	3934.04858398	[10608] 
00003057	3934.04858398	[10608] [react-native-xaml] Unhandled call to RemoveAllChildren with parent: 
00003058	3934.04858398	[10608] Windows.UI.Xaml.Controls.FontIcon
00003059	3934.04858398	[10608] 
00003060	3934.04907227	[10608] [react-native-xaml] Unhandled call to RemoveAllChildren with parent: 
00003061	3934.04907227	[10608] Windows.UI.Xaml.Controls.TextBlock
00003062	3934.04907227	[10608] 
00003063	3934.04907227	[10608] [react-native-xaml] Unhandled call to RemoveAllChildren with parent: 
00003064	3934.04907227	[10608] Windows.UI.Xaml.Controls.TextBlock
00003065	3934.04907227	[10608] 
00003066	3934.04907227	[10608] [react-native-xaml] Unhandled call to RemoveAllChildren with parent: 
00003067	3934.04956055	[10608] Windows.UI.Xaml.Controls.TextBlock
00003068	3934.04956055	[10608] 
00003069	3934.04956055	[10608] [react-native-xaml] Unhandled call to RemoveAllChildren with parent: 
00003070	3934.04956055	[10608] Windows.UI.Xaml.Controls.FontIcon
00003071	3934.04956055	[10608] 
00003072	3934.04956055	[10608] [react-native-xaml] Unhandled call to RemoveAllChildren with parent: 
00003073	3934.04956055	[10608] Windows.UI.Xaml.Controls.MenuFlyoutItem
00003074	3934.04956055	[10608] 
00003075	3934.04956055	[10608] [react-native-xaml] Unhandled call to RemoveAllChildren with parent: 
00003076	3934.04956055	[10608] Windows.UI.Xaml.Controls.FontIcon
00003077	3934.04956055	[10608] 
00003078	3934.04980469	[10608] [react-native-xaml] Unhandled call to RemoveAllChildren with parent: 
00003079	3934.04980469	[10608] Windows.UI.Xaml.Controls.MenuFlyoutItem
00003080	3934.04980469	[10608] 
00003081	3934.04980469	[10608] [react-native-xaml] Unhandled call to RemoveAllChildren with parent: 
00003082	3934.04980469	[10608] Windows.UI.Xaml.Controls.MenuFlyoutSeparator
00003083	3934.04980469	[10608] 
00003084	3934.04980469	[10608] [react-native-xaml] Unhandled call to RemoveAllChildren with parent: 
00003085	3934.04980469	[10608] Windows.UI.Xaml.Controls.FontIcon
00003086	3934.04980469	[10608] 
00003087	3934.04980469	[10608] [react-native-xaml] Unhandled call to RemoveAllChildren with parent: 
00003088	3934.04980469	[10608] Windows.UI.Xaml.Controls.MenuFlyoutItem
00003089	3934.04980469	[10608] 
00003090	3934.04980469	[10608] [react-native-xaml] Unhandled call to RemoveAllChildren with parent: 
00003091	3934.05029297	[10608] Windows.UI.Xaml.Controls.FontIcon
00003092	3934.05029297	[10608] 
00003093	3934.05029297	[10608] [react-native-xaml] Unhandled call to RemoveAllChildren with parent: 
00003094	3934.05029297	[10608] Windows.UI.Xaml.Controls.MenuFlyoutItem
00003095	3934.05029297	[10608] 
00003096	3969.38989258	[5352] [0902/045407.533:ERROR:third_party\crashpad\crashpad\util\file\filesystem_win.cc:128] GetFileAttributes C:\Users\Nabeel Hyder\AppData\Local\Google\Chrome\User Data\Crashpad\attachments\3ccd99b0-c7c4-413a-b818-beb255f16aba: The system cannot find the file specified. (0x2)
00003097	3969.39477539	[5352] [0902/045407.533:ERROR:third_party\crashpad\crashpad\util\file\filesystem_win.cc:128] GetFileAttributes C:\Users\Nabeel Hyder\AppData\Local\Google\Chrome\User Data\Crashpad\attachments\0359c66b-c5d9-42fa-bba9-eb58a623b58a: The system cannot find the file specified. (0x2)
00003098	3969.39501953	[5352] [0902/045407.536:ERROR:third_party\crashpad\crashpad\util\file\filesystem_win.cc:128] GetFileAttributes C:\Users\Nabeel Hyder\AppData\Local\Google\Chrome\User Data\Crashpad\attachments\4ede1c49-c9e5-41f2-90d4-29a9323b0544: The system cannot find the file specified. (0x2)
00003099	3969.39599609	[5352] [0902/045407.541:ERROR:third_party\crashpad\crashpad\util\file\filesystem_win.cc:128] GetFileAttributes C:\Users\Nabeel Hyder\AppData\Local\Google\Chrome\User Data\Crashpad\attachments\b3a21853-6170-4072-b16f-480d75df6dae: The system cannot find the file specified. (0x2)
00003100	3969.39624023	[5352] [0902/045407.541:ERROR:third_party\crashpad\crashpad\util\file\filesystem_win.cc:128] GetFileAttributes C:\Users\Nabeel Hyder\AppData\Local\Google\Chrome\User Data\Crashpad\attachments\b686ff2a-b6d2-476d-9c1b-6bd1ebc79f0b: The system cannot find the file specified. (0x2)
00003101	3969.39672852	[5352] [0902/045407.542:ERROR:third_party\crashpad\crashpad\util\file\filesystem_win.cc:128] GetFileAttributes C:\Users\Nabeel Hyder\AppData\Local\Google\Chrome\User Data\Crashpad\attachments\6545279d-efbf-4f74-aa1e-d02dcec9e3e4: The system cannot find the file specified. (0x2)
00003102	3969.39721680	[5352] [0902/045407.542:ERROR:third_party\crashpad\crashpad\util\file\filesystem_win.cc:128] GetFileAttributes C:\Users\Nabeel Hyder\AppData\Local\Google\Chrome\User Data\Crashpad\attachments\17e2d7e8-17c0-4f28-83b7-78613e385583: The system cannot find the file specified. (0x2)
00003103	3969.39746094	[5352] [0902/045407.543:ERROR:third_party\crashpad\crashpad\util\file\filesystem_win.cc:128] GetFileAttributes C:\Users\Nabeel Hyder\AppData\Local\Google\Chrome\User Data\Crashpad\attachments\df3fc448-7bc4-4b25-a556-90290e476879: The system cannot find the file specified. (0x2)
00003104	3969.39746094	[5352] [0902/045407.543:ERROR:third_party\crashpad\crashpad\util\file\filesystem_win.cc:128] GetFileAttributes C:\Users\Nabeel Hyder\AppData\Local\Google\Chrome\User Data\Crashpad\attachments\6dae28f9-3a84-4157-af45-85296b70a711: The system cannot find the file specified. (0x2)
00003105	3969.39746094	[5352] [0902/045407.543:ERROR:third_party\crashpad\crashpad\util\file\filesystem_win.cc:128] GetFileAttributes C:\Users\Nabeel Hyder\AppData\Local\Google\Chrome\User Data\Crashpad\attachments\f83f15d8-f1d5-4b04-86ba-cbf6ace28547: The system cannot find the file specified. (0x2)
00003106	3969.39794922	[5352] [0902/045407.543:ERROR:third_party\crashpad\crashpad\util\file\filesystem_win.cc:128] GetFileAttributes C:\Users\Nabeel Hyder\AppData\Local\Google\Chrome\User Data\Crashpad\attachments\ba350f48-28dd-4efb-bd75-2f4c99ed97e8: The system cannot find the file specified. (0x2)
00003107	3969.39965820	[5352] [0902/045407.544:ERROR:third_party\crashpad\crashpad\util\file\filesystem_win.cc:128] GetFileAttributes C:\Users\Nabeel Hyder\AppData\Local\Google\Chrome\User Data\Crashpad\attachments\f2f52206-f7f8-4a5f-84ad-af2bfab5bf40: The system cannot find the file specified. (0x2)
00003108	3969.39965820	[5352] [0902/045407.544:ERROR:third_party\crashpad\crashpad\util\file\filesystem_win.cc:128] GetFileAttributes C:\Users\Nabeel Hyder\AppData\Local\Google\Chrome\User Data\Crashpad\attachments\4443cf38-3ccd-49f1-bccb-c4197d3c9587: The system cannot find the file specified. (0x2)
00003109	3969.39990234	[5352] [0902/045407.546:ERROR:third_party\crashpad\crashpad\util\file\filesystem_win.cc:128] GetFileAttributes C:\Users\Nabeel Hyder\AppData\Local\Google\Chrome\User Data\Crashpad\attachments\9ae5113d-2771-4f4e-b219-ce89aa676b43: The system cannot find the file specified. (0x2)
00003110	3969.39990234	[5352] [0902/045407.546:ERROR:third_party\crashpad\crashpad\util\file\filesystem_win.cc:128] GetFileAttributes C:\Users\Nabeel Hyder\AppData\Local\Google\Chrome\User Data\Crashpad\attachments\6ea8f6a4-223a-49c2-9c65-ea88d651b682: The system cannot find the file specified. (0x2)
00003111	3969.40039063	[5352] [0902/045407.546:ERROR:third_party\crashpad\crashpad\util\file\filesystem_win.cc:128] GetFileAttributes C:\Users\Nabeel Hyder\AppData\Local\Google\Chrome\User Data\Crashpad\attachments\192d95a0-3239-4d74-9deb-1d5abe3e2b0b: The system cannot find the file specified. (0x2)
00003112	3969.40039063	[5352] [0902/045407.546:ERROR:third_party\crashpad\crashpad\util\file\filesystem_win.cc:128] GetFileAttributes C:\Users\Nabeel Hyder\AppData\Local\Google\Chrome\User Data\Crashpad\attachments\cc8da2ef-df61-40ef-beeb-d6671697400e: The system cannot find the file specified. (0x2)
00003113	3969.40039063	[5352] [0902/045407.546:ERROR:third_party\crashpad\crashpad\util\file\filesystem_win.cc:128] GetFileAttributes C:\Users\Nabeel Hyder\AppData\Local\Google\Chrome\User Data\Crashpad\attachments\c18a55a2-676d-4e5a-9851-00c8e84d51f6: The system cannot find the file specified. (0x2)
00003114	3969.40087891	[5352] [0902/045407.546:ERROR:third_party\crashpad\crashpad\util\file\filesystem_win.cc:128] GetFileAttributes C:\Users\Nabeel Hyder\AppData\Local\Google\Chrome\User Data\Crashpad\attachments\166888ed-e277-4b6c-b0d6-3f73061348e2: The system cannot find the file specified. (0x2)
00003115	3969.40112305	[5352] [0902/045407.547:ERROR:third_party\crashpad\crashpad\util\file\filesystem_win.cc:128] GetFileAttributes C:\Users\Nabeel Hyder\AppData\Local\Google\Chrome\User Data\Crashpad\attachments\9c225e80-5047-4141-adf9-9c0c1eabf2e2: The system cannot find the file specified. (0x2)
00003116	3969.40112305	[5352] [0902/045407.547:ERROR:third_party\crashpad\crashpad\util\file\filesystem_win.cc:128] GetFileAttributes C:\Users\Nabeel Hyder\AppData\Local\Google\Chrome\User Data\Crashpad\attachments\83826cfb-7a9a-4b77-a5a5-7835eaf63789: The system cannot find the file specified. (0x2)
00003117	3969.40112305	[5352] [0902/045407.547:ERROR:third_party\crashpad\crashpad\util\file\filesystem_win.cc:128] GetFileAttributes C:\Users\Nabeel Hyder\AppData\Local\Google\Chrome\User Data\Crashpad\attachments\50d4614a-f58b-488e-9b68-936c74ac4132: The system cannot find the file specified. (0x2)
00003118	3969.40112305	[5352] [0902/045407.547:ERROR:third_party\crashpad\crashpad\util\file\filesystem_win.cc:128] GetFileAttributes C:\Users\Nabeel Hyder\AppData\Local\Google\Chrome\User Data\Crashpad\attachments\e74e799e-2919-4b23-897c-4610fda6857b: The system cannot find the file specified. (0x2)
00003119	3969.40161133	[5352] [0902/045407.547:ERROR:third_party\crashpad\crashpad\util\file\filesystem_win.cc:128] GetFileAttributes C:\Users\Nabeel Hyder\AppData\Local\Google\Chrome\User Data\Crashpad\attachments\a3d408f8-4de9-4d67-ac39-725110f5083d: The system cannot find the file specified. (0x2)
00003120	3969.40161133	[5352] [0902/045407.547:ERROR:third_party\crashpad\crashpad\util\file\filesystem_win.cc:128] GetFileAttributes C:\Users\Nabeel Hyder\AppData\Local\Google\Chrome\User Data\Crashpad\attachments\96ce90f7-448f-4f01-989a-0f2682ecbaa5: The system cannot find the file specified. (0x2)
00003121	3969.40161133	[5352] [0902/045407.547:ERROR:third_party\crashpad\crashpad\util\file\filesystem_win.cc:128] GetFileAttributes C:\Users\Nabeel Hyder\AppData\Local\Google\Chrome\User Data\Crashpad\attachments\d7330213-7728-4013-bdad-0b422ffdace8: The system cannot find the file specified. (0x2)
00003122	3969.40161133	[5352] [0902/045407.547:ERROR:third_party\crashpad\crashpad\util\file\filesystem_win.cc:128] GetFileAttributes C:\Users\Nabeel Hyder\AppData\Local\Google\Chrome\User Data\Crashpad\attachments\d0e09ec7-f808-422c-adb1-626d28cbe041: The system cannot find the file specified. (0x2)
00003123	3969.40161133	[5352] [0902/045407.547:ERROR:third_party\crashpad\crashpad\util\file\filesystem_win.cc:128] GetFileAttributes C:\Users\Nabeel Hyder\AppData\Local\Google\Chrome\User Data\Crashpad\attachments\41e8aa24-8237-4ff7-887b-1f792d137833: The system cannot find the file specified. (0x2)
00003124	3969.40209961	[5352] [0902/045407.548:ERROR:third_party\crashpad\crashpad\util\file\filesystem_win.cc:128] GetFileAttributes C:\Users\Nabeel Hyder\AppData\Local\Google\Chrome\User Data\Crashpad\attachments\2fe245fb-15f0-4bf2-a3d4-0a30503a5a91: The system cannot find the file specified. (0x2)
00003125	3969.40209961	[5352] [0902/045407.548:ERROR:third_party\crashpad\crashpad\util\file\filesystem_win.cc:128] GetFileAttributes C:\Users\Nabeel Hyder\AppData\Local\Google\Chrome\User Data\Crashpad\attachments\d30e0c4e-9d54-4884-aef3-de7316db4980: The system cannot find the file specified. (0x2)
00003126	3969.40209961	[5352] [0902/045407.548:ERROR:third_party\crashpad\crashpad\util\file\filesystem_win.cc:128] GetFileAttributes C:\Users\Nabeel Hyder\AppData\Local\Google\Chrome\User Data\Crashpad\attachments\878faa28-a516-49f4-9345-ce3748e2aa33: The system cannot find the file specified. (0x2)
00003127	3969.40209961	[5352] [0902/045407.548:ERROR:third_party\crashpad\crashpad\util\file\filesystem_win.cc:128] GetFileAttributes C:\Users\Nabeel Hyder\AppData\Local\Google\Chrome\User Data\Crashpad\attachments\4a565322-64c4-45f5-a541-1bca66cc06a9: The system cannot find the file specified. (0x2)
00003128	3969.40258789	[5352] [0902/045407.548:ERROR:third_party\crashpad\crashpad\util\file\filesystem_win.cc:128] GetFileAttributes C:\Users\Nabeel Hyder\AppData\Local\Google\Chrome\User Data\Crashpad\attachments\8f80ae41-f29e-4482-afc8-d969e3251ae0: The system cannot find the file specified. (0x2)
00003129	3969.40258789	[5352] [0902/045407.548:ERROR:third_party\crashpad\crashpad\util\file\filesystem_win.cc:128] GetFileAttributes C:\Users\Nabeel Hyder\AppData\Local\Google\Chrome\User Data\Crashpad\attachments\ec52ba14-278d-4c97-a642-c0f16b13e0b1: The system cannot find the file specified. (0x2)
00003130	3969.40258789	[5352] [0902/045407.548:ERROR:third_party\crashpad\crashpad\util\file\filesystem_win.cc:128] GetFileAttributes C:\Users\Nabeel Hyder\AppData\Local\Google\Chrome\User Data\Crashpad\attachments\f668953a-f1b5-484d-b284-d1e1d2918a5c: The system cannot find the file specified. (0x2)
00003131	3969.40258789	[5352] [0902/045407.548:ERROR:third_party\crashpad\crashpad\util\file\filesystem_win.cc:128] GetFileAttributes C:\Users\Nabeel Hyder\AppData\Local\Google\Chrome\User Data\Crashpad\attachments\9a83993e-6d5b-426f-9e9c-21a4b3e93b14: The system cannot find the file specified. (0x2)
00003132	3969.40283203	[5352] [0902/045407.548:ERROR:third_party\crashpad\crashpad\util\file\filesystem_win.cc:128] GetFileAttributes C:\Users\Nabeel Hyder\AppData\Local\Google\Chrome\User Data\Crashpad\attachments\d807bece-f457-4f5e-ba39-a74cc943d24c: The system cannot find the file specified. (0x2)
00003133	3969.40283203	[5352] [0902/045407.548:ERROR:third_party\crashpad\crashpad\util\file\filesystem_win.cc:128] GetFileAttributes C:\Users\Nabeel Hyder\AppData\Local\Google\Chrome\User Data\Crashpad\attachments\e5c1b33c-5722-4ef8-aa8f-6ceed48cdbd8: The system cannot find the file specified. (0x2)
00003134	3969.40283203	[5352] [0902/045407.549:ERROR:third_party\crashpad\crashpad\util\file\filesystem_win.cc:128] GetFileAttributes C:\Users\Nabeel Hyder\AppData\Local\Google\Chrome\User Data\Crashpad\attachments\025a4e0d-a85f-4ee1-8445-f37eb1913183: The system cannot find the file specified. (0x2)
00003135	3969.40332031	[5352] [0902/045407.549:ERROR:third_party\crashpad\crashpad\util\file\filesystem_win.cc:128] GetFileAttributes C:\Users\Nabeel Hyder\AppData\Local\Google\Chrome\User Data\Crashpad\attachments\93c9970b-beef-43f8-b8e8-3c66a5396f8d: The system cannot find the file specified. (0x2)
00003136	3969.40332031	[5352] [0902/045407.549:ERROR:third_party\crashpad\crashpad\util\file\filesystem_win.cc:128] GetFileAttributes C:\Users\Nabeel Hyder\AppData\Local\Google\Chrome\User Data\Crashpad\attachments\963149ec-8e73-4360-9677-ed302b3f71b4: The system cannot find the file specified. (0x2)
00003137	3969.40332031	[5352] [0902/045407.549:ERROR:third_party\crashpad\crashpad\util\file\filesystem_win.cc:128] GetFileAttributes C:\Users\Nabeel Hyder\AppData\Local\Google\Chrome\User Data\Crashpad\attachments\9b76d7ab-9384-40ec-ba1b-c9eb7cc4e2cf: The system cannot find the file specified. (0x2)
00003138	3969.40380859	[5352] [0902/045407.549:ERROR:third_party\crashpad\crashpad\util\file\filesystem_win.cc:128] GetFileAttributes C:\Users\Nabeel Hyder\AppData\Local\Google\Chrome\User Data\Crashpad\attachments\5d8f14d4-b507-4615-98c6-3f34139e6ed8: The system cannot find the file specified. (0x2)
00003139	3969.40380859	[5352] [0902/045407.549:ERROR:third_party\crashpad\crashpad\util\file\filesystem_win.cc:128] GetFileAttributes C:\Users\Nabeel Hyder\AppData\Local\Google\Chrome\User Data\Crashpad\attachments\05527b2f-39aa-4b42-97f4-1f9ad26909a3: The system cannot find the file specified. (0x2)
00003140	3969.40380859	[5352] [0902/045407.549:ERROR:third_party\crashpad\crashpad\util\file\filesystem_win.cc:128] GetFileAttributes C:\Users\Nabeel Hyder\AppData\Local\Google\Chrome\User Data\Crashpad\attachments\ce5849c0-ca00-4b3e-ad59-88b039787806: The system cannot find the file specified. (0x2)
00003141	3969.40405273	[5352] [0902/045407.550:ERROR:third_party\crashpad\crashpad\util\file\filesystem_win.cc:128] GetFileAttributes C:\Users\Nabeel Hyder\AppData\Local\Google\Chrome\User Data\Crashpad\attachments\44b893e8-7401-4e81-8c66-29bc0807d5f2: The system cannot find the file specified. (0x2)
00003142	3969.40405273	[5352] [0902/045407.550:ERROR:third_party\crashpad\crashpad\util\file\filesystem_win.cc:128] GetFileAttributes C:\Users\Nabeel Hyder\AppData\Local\Google\Chrome\User Data\Crashpad\attachments\eb239138-b512-446a-8067-5ee5d0ff4b57: The system cannot find the file specified. (0x2)
00003143	3969.40405273	[5352] [0902/045407.550:ERROR:third_party\crashpad\crashpad\util\file\filesystem_win.cc:128] GetFileAttributes C:\Users\Nabeel Hyder\AppData\Local\Google\Chrome\User Data\Crashpad\attachments\9c10b373-b4d3-4ea1-be12-0c4e4e5367a1: The system cannot find the file specified. (0x2)
00003144	3969.40454102	[5352] [0902/045407.550:ERROR:third_party\crashpad\crashpad\util\file\filesystem_win.cc:128] GetFileAttributes C:\Users\Nabeel Hyder\AppData\Local\Google\Chrome\User Data\Crashpad\attachments\5999d560-fd79-447e-86bd-8e1cbc603ee5: The system cannot find the file specified. (0x2)
00003145	3969.40454102	[5352] [0902/045407.550:ERROR:third_party\crashpad\crashpad\util\file\filesystem_win.cc:128] GetFileAttributes C:\Users\Nabeel Hyder\AppData\Local\Google\Chrome\User Data\Crashpad\attachments\652a85f5-6183-4e43-a53a-2a2ea36cb998: The system cannot find the file specified. (0x2)
00003146	3969.40454102	[5352] [0902/045407.550:ERROR:third_party\crashpad\crashpad\util\file\filesystem_win.cc:128] GetFileAttributes C:\Users\Nabeel Hyder\AppData\Local\Google\Chrome\User Data\Crashpad\attachments\edd2d3ad-b544-4770-805a-8636bef59914: The system cannot find the file specified. (0x2)
00003147	3969.40502930	[5352] [0902/045407.550:ERROR:third_party\crashpad\crashpad\util\file\filesystem_win.cc:128] GetFileAttributes C:\Users\Nabeel Hyder\AppData\Local\Google\Chrome\User Data\Crashpad\attachments\f0c45224-9289-4b8b-a568-9e0e21920d9b: The system cannot find the file specified. (0x2)
00003148	3969.40502930	[5352] [0902/045407.551:ERROR:third_party\crashpad\crashpad\util\file\filesystem_win.cc:128] GetFileAttributes C:\Users\Nabeel Hyder\AppData\Local\Google\Chrome\User Data\Crashpad\attachments\29d60fd4-fc12-4140-a368-b50bb1307092: The system cannot find the file specified. (0x2)
00003149	3969.40502930	[5352] [0902/045407.551:ERROR:third_party\crashpad\crashpad\util\file\filesystem_win.cc:128] GetFileAttributes C:\Users\Nabeel Hyder\AppData\Local\Google\Chrome\User Data\Crashpad\attachments\6985a85d-d16f-40ba-951a-e49febde8e92: The system cannot find the file specified. (0x2)
00003150	3969.40527344	[5352] [0902/045407.551:ERROR:third_party\crashpad\crashpad\util\file\filesystem_win.cc:128] GetFileAttributes C:\Users\Nabeel Hyder\AppData\Local\Google\Chrome\User Data\Crashpad\attachments\f2d5eccd-4e7b-46c7-8bac-fe198313684d: The system cannot find the file specified. (0x2)
00003151	3969.40527344	[5352] [0902/045407.551:ERROR:third_party\crashpad\crashpad\util\file\filesystem_win.cc:128] GetFileAttributes C:\Users\Nabeel Hyder\AppData\Local\Google\Chrome\User Data\Crashpad\attachments\8326449f-171f-4770-a623-75037f4a14cf: The system cannot find the file specified. (0x2)
00003152	3969.40527344	[5352] [0902/045407.551:ERROR:third_party\crashpad\crashpad\util\file\filesystem_win.cc:128] GetFileAttributes C:\Users\Nabeel Hyder\AppData\Local\Google\Chrome\User Data\Crashpad\attachments\bd6654db-5adf-4059-810f-791260298fb4: The system cannot find the file specified. (0x2)
00003153	3969.40527344	[5352] [0902/045407.551:ERROR:third_party\crashpad\crashpad\util\file\filesystem_win.cc:128] GetFileAttributes C:\Users\Nabeel Hyder\AppData\Local\Google\Chrome\User Data\Crashpad\attachments\8ba8991b-10f6-4a17-a9b7-fc93e726663b: The system cannot find the file specified. (0x2)
00003154	3969.40576172	[5352] [0902/045407.551:ERROR:third_party\crashpad\crashpad\util\file\filesystem_win.cc:128] GetFileAttributes C:\Users\Nabeel Hyder\AppData\Local\Google\Chrome\User Data\Crashpad\attachments\be28597e-4cfa-46b5-9cea-02b7275abe69: The system cannot find the file specified. (0x2)
00003155	3969.40576172	[5352] [0902/045407.551:ERROR:third_party\crashpad\crashpad\util\file\filesystem_win.cc:128] GetFileAttributes C:\Users\Nabeel Hyder\AppData\Local\Google\Chrome\User Data\Crashpad\attachments\7fdd287a-22fc-4f7a-8bed-2e20385a1768: The system cannot find the file specified. (0x2)
00003156	3969.40576172	[5352] [0902/045407.551:ERROR:third_party\crashpad\crashpad\util\file\filesystem_win.cc:128] GetFileAttributes C:\Users\Nabeel Hyder\AppData\Local\Google\Chrome\User Data\Crashpad\attachments\924c3592-cbd7-405b-82d5-2462b0a9f364: The system cannot find the file specified. (0x2)
00003157	3969.40625000	[5352] [0902/045407.552:ERROR:third_party\crashpad\crashpad\util\file\filesystem_win.cc:128] GetFileAttributes C:\Users\Nabeel Hyder\AppData\Local\Google\Chrome\User Data\Crashpad\attachments\0acb4699-fd87-4ee8-971f-fdefb41a9da5: The system cannot find the file specified. (0x2)
00003158	3969.40625000	[5352] [0902/045407.552:ERROR:third_party\crashpad\crashpad\util\file\filesystem_win.cc:128] GetFileAttributes C:\Users\Nabeel Hyder\AppData\Local\Google\Chrome\User Data\Crashpad\attachments\73d308e1-fe27-416b-b15f-27139f46366e: The system cannot find the file specified. (0x2)
00003159	3969.40625000	[5352] [0902/045407.552:ERROR:third_party\crashpad\crashpad\util\file\filesystem_win.cc:128] GetFileAttributes C:\Users\Nabeel Hyder\AppData\Local\Google\Chrome\User Data\Crashpad\attachments\72f3b11b-13bc-4077-9b8c-22d8b7d5f345: The system cannot find the file specified. (0x2)
00003160	3969.40625000	[5352] [0902/045407.552:ERROR:third_party\crashpad\crashpad\util\file\filesystem_win.cc:128] GetFileAttributes C:\Users\Nabeel Hyder\AppData\Local\Google\Chrome\User Data\Crashpad\attachments\c80085a8-5599-4bb7-917d-62b6c1cbdb0f: The system cannot find the file specified. (0x2)
00003161	3969.40649414	[5352] [0902/045407.552:ERROR:third_party\crashpad\crashpad\util\file\filesystem_win.cc:128] GetFileAttributes C:\Users\Nabeel Hyder\AppData\Local\Google\Chrome\User Data\Crashpad\attachments\ecd9309d-b980-42cd-80f4-0a7833a877d8: The system cannot find the file specified. (0x2)
00003162	3969.40649414	[5352] [0902/045407.552:ERROR:third_party\crashpad\crashpad\util\file\filesystem_win.cc:128] GetFileAttributes C:\Users\Nabeel Hyder\AppData\Local\Google\Chrome\User Data\Crashpad\attachments\71e5a214-0bdc-44ef-95d2-1e2da34df600: The system cannot find the file specified. (0x2)
00003163	3969.40649414	[5352] [0902/045407.553:ERROR:third_party\crashpad\crashpad\util\file\filesystem_win.cc:128] GetFileAttributes C:\Users\Nabeel Hyder\AppData\Local\Google\Chrome\User Data\Crashpad\attachments\4d951c7f-1e75-489d-a047-fd9e700c02d1: The system cannot find the file specified. (0x2)
00003164	3969.40649414	[5352] [0902/045407.553:ERROR:third_party\crashpad\crashpad\util\file\filesystem_win.cc:128] GetFileAttributes C:\Users\Nabeel Hyder\AppData\Local\Google\Chrome\User Data\Crashpad\attachments\2787069e-c400-4dfc-8a29-55125cc71c29: The system cannot find the file specified. (0x2)
00003165	3969.40649414	[5352] [0902/045407.553:ERROR:third_party\crashpad\crashpad\util\file\filesystem_win.cc:128] GetFileAttributes C:\Users\Nabeel Hyder\AppData\Local\Google\Chrome\User Data\Crashpad\attachments\be4bc3b4-c1a7-4710-9ace-686369ea4893: The system cannot find the file specified. (0x2)
00003166	3969.40698242	[5352] [0902/045407.553:ERROR:third_party\crashpad\crashpad\util\file\filesystem_win.cc:128] GetFileAttributes C:\Users\Nabeel Hyder\AppData\Local\Google\Chrome\User Data\Crashpad\attachments\210cd708-837a-48b3-acdc-d0c890dbc2dd: The system cannot find the file specified. (0x2)
00003167	3969.40698242	[5352] [0902/045407.553:ERROR:third_party\crashpad\crashpad\util\file\filesystem_win.cc:128] GetFileAttributes C:\Users\Nabeel Hyder\AppData\Local\Google\Chrome\User Data\Crashpad\attachments\c7b4cfa1-83e0-4a6c-814e-881680c7b319: The system cannot find the file specified. (0x2)
00003168	3969.40698242	[5352] [0902/045407.553:ERROR:third_party\crashpad\crashpad\util\file\filesystem_win.cc:128] GetFileAttributes C:\Users\Nabeel Hyder\AppData\Local\Google\Chrome\User Data\Crashpad\attachments\5958dcc9-c7ae-4157-b910-9cfebc868a5b: The system cannot find the file specified. (0x2)
00003169	3969.40698242	[5352] [0902/045407.553:ERROR:third_party\crashpad\crashpad\util\file\filesystem_win.cc:128] GetFileAttributes C:\Users\Nabeel Hyder\AppData\Local\Google\Chrome\User Data\Crashpad\attachments\f20b2b33-1061-4ae1-a19a-8e28c3263703: The system cannot find the file specified. (0x2)
00003170	3969.40747070	[5352] [0902/045407.553:ERROR:third_party\crashpad\crashpad\util\file\filesystem_win.cc:128] GetFileAttributes C:\Users\Nabeel Hyder\AppData\Local\Google\Chrome\User Data\Crashpad\attachments\8756d148-52f3-4770-925a-5f198b3a2d08: The system cannot find the file specified. (0x2)
00003171	3969.40747070	[5352] [0902/045407.553:ERROR:third_party\crashpad\crashpad\util\file\filesystem_win.cc:128] GetFileAttributes C:\Users\Nabeel Hyder\AppData\Local\Google\Chrome\User Data\Crashpad\attachments\fb9fd61b-0b0c-43fe-9b5e-8e507d9e4cd7: The system cannot find the file specified. (0x2)
00003172	3969.40747070	[5352] [0902/045407.553:ERROR:third_party\crashpad\crashpad\util\file\filesystem_win.cc:128] GetFileAttributes C:\Users\Nabeel Hyder\AppData\Local\Google\Chrome\User Data\Crashpad\attachments\4d2aa1ff-0c26-4d62-8848-aca6cf249137: The system cannot find the file specified. (0x2)
00003173	3969.40747070	[5352] [0902/045407.553:ERROR:third_party\crashpad\crashpad\util\file\filesystem_win.cc:128] GetFileAttributes C:\Users\Nabeel Hyder\AppData\Local\Google\Chrome\User Data\Crashpad\attachments\429cc8b9-2009-49b4-873c-883f89bad343: The system cannot find the file specified. (0x2)
00003174	3969.40747070	[5352] [0902/045407.553:ERROR:third_party\crashpad\crashpad\util\file\filesystem_win.cc:128] GetFileAttributes C:\Users\Nabeel Hyder\AppData\Local\Google\Chrome\User Data\Crashpad\attachments\d2123687-0cb3-4e86-86f1-f9fbf0498d54: The system cannot find the file specified. (0x2)
00003175	3969.40771484	[5352] [0902/045407.554:ERROR:third_party\crashpad\crashpad\util\file\filesystem_win.cc:128] GetFileAttributes C:\Users\Nabeel Hyder\AppData\Local\Google\Chrome\User Data\Crashpad\attachments\27e7d059-462b-43b9-8ef2-fb165823ea63: The system cannot find the file specified. (0x2)
00003176	4061.91430664	[5480] [0902/045540.060:ERROR:third_party\crashpad\crashpad\util\file\filesystem_win.cc:128] GetFileAttributes C:\Users\Nabeel Hyder\AppData\Roaming\Slack\Crashpad\attachments\e8e13665-f870-4681-91f6-02d7f6213223: The system cannot find the file specified. (0x2)
00003177	4061.91479492	[5480] [0902/045540.060:ERROR:third_party\crashpad\crashpad\util\file\filesystem_win.cc:128] GetFileAttributes C:\Users\Nabeel Hyder\AppData\Roaming\Slack\Crashpad\attachments\b54e1194-56b3-4958-a5b2-7aa5ae426859: The system cannot find the file specified. (0x2)
00003178	4074.25317383	[19392] [0902/045552.399:ERROR:third_party\crashpad\crashpad\util\file\filesystem_win.cc:128] GetFileAttributes C:\Users\Nabeel Hyder\AppData\Local\Packages\OpenAI.ChatGPT-Desktop_2p2nqsd0c76g0\LocalCache\Roaming\ChatGPT\Crashpad\attachments\7982f324-067c-492a-955d-6619cabb6564: The system cannot find the file specified. (0x2)
00003179	4074.25390625	[19392] [0902/045552.399:ERROR:third_party\crashpad\crashpad\util\file\filesystem_win.cc:128] GetFileAttributes C:\Users\Nabeel Hyder\AppData\Local\Packages\OpenAI.ChatGPT-Desktop_2p2nqsd0c76g0\LocalCache\Roaming\ChatGPT\Crashpad\attachments\ce21149c-d346-4dcc-a108-d8eacba4e22c: The system cannot find the file specified. (0x2)
00003180	4091.85083008	[35092] JsonRpc Warning: 5 : 
00003181	4091.85107422	[35092] No target methods are registered that match "NotificationReceived". 
00003182	4109.12109375	[20304] JsonRpc Warning: 5 : 
00003183	4109.12207031	[20304] No target methods are registered that match "NotificationReceived". 
00003184	4218.47314453	[35092] JsonRpc Warning: 5 : 
00003185	4218.47314453	[35092] No target methods are registered that match "NotificationReceived". 
00003186	4218.47314453	[35092] JsonRpc Warning: 5 : 
00003187	4218.47314453	[35092] No target methods are registered that match "NotificationReceived". 
00003188	4218.47363281	[35092] JsonRpc Warning: 5 : 
00003189	4218.47363281	[35092] No target methods are registered that match "NotificationReceived". 
00003190	4220.50634766	[35092] JsonRpc Warning: 5 : 
00003191	4220.50683594	[35092] No target methods are registered that match "NotificationReceived". 
00003192	4220.50878906	[35092] JsonRpc Warning: 5 : 
00003193	4220.50878906	[35092] No target methods are registered that match "NotificationReceived". 
00003194	4220.50927734	[35092] JsonRpc Warning: 5 : 
00003195	4220.50976563	[35092] No target methods are registered that match "NotificationReceived". 
00003196	4224.64062500	[35092] JsonRpc Warning: 5 : 
00003197	4224.64160156	[35092] No target methods are registered that match "NotificationReceived". 
00003198	4224.87451172	[35092] JsonRpc Warning: 5 : 
00003199	4224.87500000	[35092] No target methods are registered that match "NotificationReceived". 
00003200	4224.87500000	[35092] JsonRpc Warning: 5 : 
00003201	4224.87500000	[35092] No target methods are registered that match "NotificationReceived". 
00003202	4229.49951172	[35092] JsonRpc Warning: 5 : 
00003203	4229.49951172	[35092] No target methods are registered that match "NotificationReceived". 
00003204	4229.76708984	[35092] JsonRpc Warning: 5 : 
00003205	4229.76757813	[35092] No target methods are registered that match "NotificationReceived". 
00003206	4229.76757813	[35092] JsonRpc Warning: 5 : 
00003207	4229.76806641	[35092] No target methods are registered that match "NotificationReceived". 
00003208	4238.90966797	[35092] JsonRpc Warning: 5 : 
00003209	4238.90966797	[35092] No target methods are registered that match "NotificationReceived". 
00003210	4238.91015625	[35092] JsonRpc Warning: 5 : 
00003211	4238.91015625	[35092] No target methods are registered that match "NotificationReceived". 
00003212	4238.91015625	[35092] JsonRpc Warning: 5 : 
00003213	4238.91064453	[35092] No target methods are registered that match "NotificationReceived". 
00003214	4241.10791016	[35092] JsonRpc Warning: 5 : 
00003215	4241.10791016	[35092] No target methods are registered that match "NotificationReceived". 
00003216	4241.10791016	[35092] JsonRpc Warning: 5 : 
00003217	4241.10839844	[35092] No target methods are registered that match "NotificationReceived". 
00003218	4241.10839844	[35092] JsonRpc Warning: 5 : 
00003219	4241.10839844	[35092] No target methods are registered that match "NotificationReceived". 
00003220	4248.17285156	[35092] JsonRpc Warning: 5 : 
00003221	4248.17285156	[35092] No target methods are registered that match "NotificationReceived". 
00003222	4248.45458984	[35092] JsonRpc Warning: 5 : 
00003223	4248.45458984	[35092] No target methods are registered that match "NotificationReceived". 
00003224	4248.45458984	[35092] JsonRpc Warning: 5 : 
00003225	4248.45458984	[35092] No target methods are registered that match "NotificationReceived". 
00003226	4261.65234375	[3632] [0902/045859.799:ERROR:third_party\crashpad\crashpad\util\file\filesystem_win.cc:128] GetFileAttributes C:\Users\Nabeel Hyder\AppData\Local\Microsoft\Edge\User Data\Crashpad\attachments\f953e348-cc91-4787-9868-4bcd0ab8a8d8: The system cannot find the file specified. (0x2)
00003227	4261.65234375	[3632] [0902/045859.799:ERROR:third_party\crashpad\crashpad\util\file\filesystem_win.cc:128] GetFileAttributes C:\Users\Nabeel Hyder\AppData\Local\Microsoft\Edge\User Data\Crashpad\attachments\b6cc1cfd-91fb-4cae-9ebb-ffc5e4d604ef: The system cannot find the file specified. (0x2)
00003228	4261.65234375	[3632] [0902/045859.799:ERROR:third_party\crashpad\crashpad\util\file\filesystem_win.cc:128] GetFileAttributes C:\Users\Nabeel Hyder\AppData\Local\Microsoft\Edge\User Data\Crashpad\attachments\6ca1afb9-e9f8-4a13-8ea7-67b42f0652e9: The system cannot find the file specified. (0x2)
00003229	4287.77978516	[20304] JsonRpc Warning: 5 : 
00003230	4287.77978516	[20304] No target methods are registered that match "NotificationReceived". 
00003231	4289.58349609	[20304] JsonRpc Warning: 5 : 
00003232	4289.58349609	[20304] No target methods are registered that match "NotificationReceived". 
00003233	4290.78222656	[20304] JsonRpc Warning: 5 : 
00003234	4290.78271484	[20304] No target methods are registered that match "NotificationReceived". 
00003235	4293.60839844	[35092] JsonRpc Warning: 5 : 
00003236	4293.60839844	[35092] No target methods are registered that match "NotificationReceived". 
00003237	4293.60888672	[35092] JsonRpc Warning: 5 : 
00003238	4293.60888672	[35092] No target methods are registered that match "NotificationReceived". 
00003239	4293.60888672	[35092] JsonRpc Warning: 5 : 
00003240	4293.60888672	[35092] No target methods are registered that match "NotificationReceived". 
00003241	4296.39453125	[35092] JsonRpc Warning: 5 : 
00003242	4296.39453125	[35092] No target methods are registered that match "NotificationReceived". 
00003243	4296.62695313	[35092] JsonRpc Warning: 5 : 
00003244	4296.62695313	[35092] No target methods are registered that match "NotificationReceived". 
00003245	4296.62744141	[35092] JsonRpc Warning: 5 : 
00003246	4296.62744141	[35092] No target methods are registered that match "NotificationReceived". 
00003247	4301.24511719	[35092] JsonRpc Warning: 5 : 
00003248	4301.24511719	[35092] No target methods are registered that match "NotificationReceived". 
00003249	4301.24560547	[35092] JsonRpc Warning: 5 : 
00003250	4301.24560547	[35092] No target methods are registered that match "NotificationReceived". 
00003251	4301.24560547	[35092] JsonRpc Warning: 5 : 
00003252	4301.24560547	[35092] No target methods are registered that match "NotificationReceived". 
00003253	4303.99804688	[35092] JsonRpc Warning: 5 : 
00003254	4303.99804688	[35092] No target methods are registered that match "NotificationReceived". 
00003255	4303.99853516	[35092] JsonRpc Warning: 5 : 
00003256	4303.99853516	[35092] No target methods are registered that match "NotificationReceived". 
00003257	4303.99853516	[35092] JsonRpc Warning: 5 : 
00003258	4303.99853516	[35092] No target methods are registered that match "NotificationReceived". 
00003259	4426.98779297	[356] [0902/050145.132:ERROR:third_party\crashpad\crashpad\util\file\filesystem_win.cc:128] GetFileAttributes C:\Users\Nabeel Hyder\AppData\Local\Microsoft\Edge\User Data\Crashpad\attachments\f953e348-cc91-4787-9868-4bcd0ab8a8d8: The system cannot find the file specified. (0x2)
00003260	4426.98828125	[356] [0902/050145.132:ERROR:third_party\crashpad\crashpad\util\file\filesystem_win.cc:128] GetFileAttributes C:\Users\Nabeel Hyder\AppData\Local\Microsoft\Edge\User Data\Crashpad\attachments\b6cc1cfd-91fb-4cae-9ebb-ffc5e4d604ef: The system cannot find the file specified. (0x2)
00003261	4426.98828125	[356] [0902/050145.132:ERROR:third_party\crashpad\crashpad\util\file\filesystem_win.cc:128] GetFileAttributes C:\Users\Nabeel Hyder\AppData\Local\Microsoft\Edge\User Data\Crashpad\attachments\6ca1afb9-e9f8-4a13-8ea7-67b42f0652e9: The system cannot find the file specified. (0x2)
